course_id,course_name,course_type,teacher_name,department_id,credits
000217041,個體經濟學,R,黃柏鈞,208,3
000219031,經濟學,R,王信實,208,3
000219511,經濟學,R,吳文傑,301,3
000219561,經濟學,R,鄭鴻章,301,3
000221011,財政學,R,陳國樑,205,3
000226001,政治學,R,周家瑜,202,3
000226021,政治學,R,韋洪武,202,3
000228031,貨幣銀行學,P,蕭明福,208,3
000314031,初級會計學（一）,R,陳宇紳,303,3
000314041,初級會計學（一）,R,詹凌菁,303,3
000314131,初級會計學（一）,R,林禹銘,303,3
000323011,中級會計學（一）,R,潘健民,303,3
000323021,中級會計學（一）,R,陳漢鐘,303,3
000347111,財務管理,E,郭維裕,307,3
000347121,財務管理,E,林基煌、屠美亞,307,3
000350011,行銷管理,R,朱怡亭、陳姿伃,305,3
000351071,投資學,R,張元晨,307,3
000357021,多媒體與程式設計軟體,E,張瑞岩,306,3
000359031,統計學（一）,R,張育瑋,304,3
000359051,統計學（一）,R,楊素芬,304,3
000359081,統計學（一）,R,周珮婷,304,3
000361031,企業倫理與社會責任,R,譚丹琪、蘇威傑,305,1
000604001,商事法,R,鄭婷嫻,601,2
000713011,微積分甲,R,楊南屏,701,3
031004021,國文－古典詩選讀,GC,侯雅文,101,3
031004041,國文－古典詩選讀,GC,陳英傑,101,3
031004051,國文－古典詩選讀,GC,呂昭明,101,3
031004061,國文－古典詩選讀,GC,吳慕櫻,101,3
031004081,國文－古典詩選讀,GC,周玉芬,101,3
031008011,國文－古典小說選讀,GC,高振宏,101,3
031009011,國文－古典戲曲選讀,GC,蔡欣欣,101,3
031009021,國文－古典戲曲選讀,GC,侯雲舒,101,3
031013011,國文－臺灣文學選讀,GC,林妤,101,3
031014171,國文－中國思想名作選讀,GC,林啓屏,101,3
031017101,國文－中國語言文字名作選讀,GC,謝忠晟,101,3
031017111,國文－中國語言文字名作選讀,GC,洪燕梅,101,3
031023011,國文－臺灣語言與文化選讀,GC,李天群,101,3
031023021,國文－臺灣語言與文化選讀,GC,李天群,101,3
031031011,國文,GC,古育安,101,3
031031031,國文,GC,黃庭頎,101,3
031226001,進階國文—書法名作欣賞與臨摹,GC,黃庭頎,101,3
032001041,大學英文（一）,GF,賴宇彤,5T1,3
032001051,大學英文（一）,GF,毛佩琦,5T1,3
032001071,大學英文（一）,GF,林翰儀,5T1,3
032001221,大學英文（一）,GF,金嘉炘,5T1,3
032001251,大學英文（一）,GF,李寶莉,5T1,3
032001271,大學英文（一）,GF,陳綉諭,5T1,3
032001291,大學英文（一）,GF,毛佩琦,5T1,3
032001301,大學英文（一）,GF,陳雅莉,5T1,3
032001421,大學英文（一）,GF,黃杏妃,5T1,3
032001441,大學英文（一）,GF,陳綉諭,5T1,3
032001461,大學英文（一）,GF,戚大為,5T1,3
032001491,大學英文（一）,GF,林翰儀,5T1,3
032001611,大學英文（一）,GF,金嘉炘,5T1,3
032001691,大學英文（一）,GF,郭曉蓉,5T1,3
032001801,大學英文（一）,GF,余懿珊,5T1,3
032001821,大學英文（一）,GF,郭曉蓉,5T1,3
032001921,大學英文（一）,GF,毛佩琦,5T1,3
032001941,大學英文（一）,GF,謝思蕾,5T1,3
041175001,台灣電影與文學中的性別,GH,陳佩甄,000,3
041193001,語言發展與認知、文化的交響,GH,薩文蕙,501,3
041194001,中東歐電影、文化與社會,GH,陳美芬,504,3
041196001,語言與手勢－比手說話,GH,徐嘉慧,501,3
041198001,從少年書寫看臺灣,GH,羅詩雲,000,3
041203001,德語區現代藝術賞析,GH,許嘉眙,509,2
041213001,台語導論,GH,蔡惠名,000,3
042053001,歐洲政府與外交政策,GS,湯紹成,000,2
042089001,從漫畫看日本,GS,蔡增家,000,2
042116041,生活中的經濟學,CGS,周德宇,205,3
042137001,法學素養,CGS,傅玲靜,000,3
042142001,環視全球－挑戰國際視野,CGS,楊文琪,000,3
042209001,設計思維與創意開發,GS,蘇偉業,206,2
042217001,AI、性別與勞動,GS,陳芙萱,000,3
042218001,認識台灣新住民—了解文化與歷史以實踐有效的溝通,GS,王雅萍,209,3
043010001,生活中的律動,CGN,蔡尚岳,000,3
043016001,生活中的生命科學,CGN,陳紹寬,000,3
043021001,探索遺傳特性,GN,趙知章,000,2
043025011,大腦與我,CGN,廖文霖,000,3
043031001,心理與生活,CGN,孫蒨如,702,3
043033001,藥你康健、遠離毒惑（禍）,GN,詹銘煥,000,3
044115001,語言與認知神經科學概論,GHN,賴瑶鍈,000,3
044121001,創新媒體與創意,GHS,林翠絹,403,3
045019011,新生專題：自學力,GA,藍美華,209,3
045064001,自主實踐學習１－１,GA,馬藹萱,102,1
046001001,程式設計概論,GI,邱淑怡,703,3
046001031,程式設計概論,GI,邱淑怡,703,3
088110011,華語－密集班聽力課程（一）,E,詹永康,162,3
088110041,華語－密集班聽力課程（一）,E,陳惠芳,162,3
088210021,華語－密集班口說課程（一）,E,林佩君,162,3
088210031,華語－密集班口說課程（一）,E,吳孟盈,162,3
088310011,華語－密集班閱讀課程（一）,E,詹永康,162,3
088310021,華語－密集班閱讀課程（一）,E,林佩君,162,3
088410011,華語－密集班寫作課程（一）,E,詹永康,162,3
088410041,華語－密集班寫作課程（一）,E,陳惠芳,162,3
088410051,華語－密集班寫作課程（一）,E,簡汎霓,162,3
088500051,華語特別班基礎華語,E,方資閔,162,3
088501041,華語特別班實用華語,E,蔡一萍,162,3
088501061,華語特別班實用華語,E,詳備註,162,3
088504001,新聞時事華語,E,葛健生,162,3
088505001,中文散文選讀與寫作訓練,E,蔡一萍,162,3
088508001,議題討論與口語表達,E,許宇萱,162,3
088940001,變化中的中國,E,陳憶寧,162,3
090019001,風水、建築與環境,GH,邱博舜,102,2
090060011,醫療與生活,GN,呂志得,102,2
090060021,醫療與生活,GN,林怡君,102,2
090104001,長期照護與健康產業發展,GN,黃遵誠,102,2
090114001,數位轉型的智權與風險管理,GN,萬幼筠,102,2
090117001,食品安全與生活,GSN,汪文豪,102,2
000359211,統計學（一）,R,陳立榜,304,3
000361051,企業倫理與社會責任,R,柯玉佳,305,1
000603001,民法概要,E,葉啓洲,601,2
000711011,微積分,R,林光暉,701,3
000713031,微積分甲,R,林俊良,701,3
000216011,社會學,E,陳宗文,204,3
000217011,個體經濟學,R,陳鎮洲,208,3
000217021,個體經濟學,R,李慧琳,208,3
000217031,個體經濟學,R,徐麗振,208,3
000218001,總體經濟學,R,莊奕琦,208,3
000218011,總體經濟學,R,洪福聲,208,3
000218041,總體經濟學,R,朱琇妍,208,3
000218051,總體經濟學,R,李文傑,208,3
000219021,經濟學,R,翁永和,208,3
000219041,經濟學,R,莊奕琦,208,3
000219081,經濟學,R,廖郁萍,208,3
000219111,經濟學,R,彭喜樞,208,3
000219121,經濟學,R,胡偉民,208,3
000219541,經濟學,R,郭炳伸,301,3
000219551,經濟學,R,朴民佑,301,3
000219571,經濟學,R,溫偉任,301,3
000228041,貨幣銀行學,P,賴廷緯,208,3
000314051,初級會計學（一）,R,梁嘉紋,303,3
000314071,初級會計學（一）,R,翁嘉祥,303,3
000314081,初級會計學（一）,R,張祐慈,303,3
000314091,初級會計學（一）,R,黃政仁,303,3
000323031,中級會計學（一）,R,徐愛恩,303,3
000335011,中級會計學（三）,R,陳明進,303,3
000337011,成本管理會計（一）,R,李佳玲,303,3
000347001,財務管理,E,周冠男,307,3
000347051,財務管理,E,邱健嘉,307,3
000347061,財務管理,E,車倫周,307,3
000347071,財務管理,E,車倫周,307,3
000347091,財務管理,E,詹育儒,307,3
000347101,財務管理,E,蔡政憲,307,3
000348001,管理學,R,胡昌亞,305,3
000348011,管理學,R,李嘉綺,305,3
000348031,管理學,R,郭曉玲,305,3
000348071,管理學,R,官函霓,305,3
000350001,行銷管理,R,白佩玉,305,3
000351021,投資學,R,顏錫銘,307,3
000351041,投資學,R,謝沛霖,307,3
000357011,多媒體與程式設計軟體,E,李博逸、林湘霖,306,3
000358011,資料分析與程式設計入門,E,周彥君,306,3
000358031,資料分析與程式設計入門,E,余千智,306,3
000359011,統計學（一）,R,黃佳慧,304,3
000359021,統計學（一）,R,余清祥,304,3
000359071,統計學（一）,R,蔡紋琦,304,3
000360101,統計學（二）,R,翁久幸,304,3
000361001,企業倫理與社會責任,R,黃秉德,305,1
000361011,企業倫理與社會責任,R,別蓮蒂,305,1
000361021,企業倫理與社會責任,R,別蓮蒂,305,1
000361041,企業倫理與社會責任,R,陳立民,305,1
000603011,民法概要,E,詹聰哲,601,2
000603021,民法概要,E,王千維,601,2
000604011,商事法,R,魏杏芳,601,2
000605021,商事法,R,劉承愚,601,2
000711001,微積分,R,張宜武,701,3
031004011,國文－古典詩選讀,GC,鄭文惠,101,3
031004031,國文－古典詩選讀,GC,許東海,101,3
031004091,國文－古典詩選讀,GC,吳慕櫻,101,3
031008041,國文－古典小說選讀,GC,許庭慈,101,3
031013031,國文－臺灣文學選讀,GC,崔末順,101,3
031013041,國文－臺灣文學選讀,GC,林妤,101,3
031014161,國文－中國思想名作選讀,GC,周志煌,101,3
031017141,國文－中國語言文字名作選讀,GC,羅睿晣,101,3
031022001,進階國文—張愛玲小說,GC,王婉如,101,3
031026001,國文－基礎班,GC,呂昭明,101,3
032001011,大學英文（一）,GF,趙宣彭,5T1,3
032001021,大學英文（一）,GF,金嘉炘,5T1,3
032001031,大學英文（一）,GF,黃杏妃,5T1,3
032001081,大學英文（一）,GF,余懿珊,5T1,3
032001091,大學英文（一）,GF,李寶莉,5T1,3
032001211,大學英文（一）,GF,趙宣彭,5T1,3
032001411,大學英文（一）,GF,金嘉炘,5T1,3
032001431,大學英文（一）,GF,余懿珊,5T1,3
032001451,大學英文（一）,GF,彭家洋,5T1,3
032001471,大學英文（一）,GF,陳雅莉,5T1,3
032001501,大學英文（一）,GF,郭曉蓉,5T1,3
032001511,大學英文（一）,GF,賴宇彤,5T1,3
032001621,大學英文（一）,GF,趙宣彭,5T1,3
032001631,大學英文（一）,GF,余懿珊,5T1,3
032001671,大學英文（一）,GF,朱容萱,5T1,3
032001711,大學英文（一）,GF,彭家洋,5T1,3
032001841,大學英文（一）,GF,趙宣彭,5T1,3
032001881,大學英文（一）,GF,陳佳琦,5T1,3
032001901,大學英文（一）,GF,趙宣彭,5T1,3
032001911,大學英文（一）,GF,陳佳琦,5T1,3
032001951,大學英文（一）,GF,謝思蕾,5T1,3
041097001,轉型期與近代東亞: 從1930年代到1940年代,GH,曾士榮,000,2
041099021,文明發展與歷史思惟,CGH,楊瑞松,103,3
041100041,生命價值與哲學思惟,CGH,胡志強,104,3
041123001,生命探索與宗教文化,CGH,林敬智,000,3
041133001,近代臺灣歷史與人物,CGH,薛化元,000,3
041133011,近代臺灣歷史與人物,CGH,林果顯,000,3
041135001,西方文學經典與人文思維,CGH,林質心、邱彥彬,501,3
041181001,數位傳播與人文藝術,GH,黃葳威,403,2
041191001,實用台灣閩南語,GH,蔡惠名,000,3
042051001,經濟全球化與台商大陸投資,GS,陳德昇,000,2
042078001,現代經濟社會：歐洲經濟發展觀,GS,洪美蘭,000,3
042096001,歐盟的兩岸政策,GS,湯紹成,000,2
042112001,臺灣政治,CGS,林超琦,202,3
042112011,臺灣政治,CGS,魏玫娟,000,3
042142011,環視全球－挑戰國際視野,CGS,馮慕文,000,3
042143001,溝通與協商,GS,朱斌妤,206,3
042156001,中國大陸概論,CGS,鍾延麟,000,3
042183001,歐亞樞紐下的土耳其,GS,熊道天,508,3
042196001,年輕人須具備的期貨知識,GS,杜文苓、林建秀,ZU1,2
042200001,認識勞資關係與勞動權益,GS,吳姿慧,000,2
043024001,物理學史與人類文明,CGN,楊志開,000,3
043027001,科技與人文社會,CGN,楊宗翰,000,3
043043001,數位遊戲與社會,GN,林日璇,402,3
044008001,民族文學,GHS,黃季平,209,2
044014001,國際關係理論與現勢,GHS,郭昕光,203,2
044104001,窺探科技中的語言應用,GHI,張瑜芸,000,3
044117001,台灣近現代社會文化史,GHS,李衣雲,000,2
045023001,國小學生課後關懷與輔導,GA,張愛華,305,1
045025001,動物權：理論與實踐,GA,盧倩儀,509,1
045052001,自主學習專題：大文山文化歷史與田野調查,GA,詹培昕,102,2
045060001,自主學習專題：人文茶學概論－基礎製茶學,GA,高振宏,102,2
045062001,自主實踐學習２,GA,馬藹萱,102,2
045063001,自主學習專題：3D建模與原型製作－從概念到創造,GA,范噶色,102,2
046001021,程式設計概論,GI,邱淑怡,703,3
046001141,程式設計概論,GI,郭正佩,000,3
046005001,程式設計應用專題,GI,邱淑怡,703,3
046006011,計算思維與人工智慧,GI,吳怡潔,000,3
046008001,設計思維與軟體系統專案管理,GI,魏綾音,000,3
046008011,設計思維與軟體系統專案管理,GI,魏綾音,000,3
046008021,設計思維與軟體系統專案管理,GI,魏綾音,000,3
088110021,華語－密集班聽力課程（一）,E,林佩君,162,3
088110051,華語－密集班聽力課程（一）,E,簡汎霓,162,3
088210011,華語－密集班口說課程（一）,E,詹永康,162,3
088210041,華語－密集班口說課程（一）,E,陳惠芳,162,3
088310031,華語－密集班閱讀課程（一）,E,吳孟盈,162,3
088310051,華語－密集班閱讀課程（一）,E,簡汎霓,162,3
088410021,華語－密集班寫作課程（一）,E,林佩君,162,3
088410031,華語－密集班寫作課程（一）,E,吳孟盈,162,3
088410061,華語－密集班寫作課程（一）,E,許宇萱,162,3
088500061,華語特別班基礎華語,E,詳備註,162,3
088501011,華語特別班實用華語,E,方資閔,162,3
088501031,華語特別班實用華語,E,陳惠芳,162,3
088501051,華語特別班實用華語,E,許宇萱,162,3
088944001,新聞時事（一）,E,陳憶寧,162,3
090014011,生物技術導論,GN,周志銘,102,2
090020001,認識中醫藥,GN,邱榮鵬,102,2
090044001,藥物使用與生活的關係,GN,潘俊宏,102,2
090060001,醫療與生活,GN,林志陵,102,2
090088001,預防醫學與校園健康,GN,吳逸帆,102,2
090108001,關於藝術的話題,GHS,陳正才,102,2
090109001,仰望星空探索宇宙,GN,徐麗婷,102,2
090112001,自我探索與心理健康,GH,王素芸,102,2
090116001,氣候變遷與永續旅遊,GS,柳婉郁,102,2
090118001,幸福學,GHS,那原道,102,3
090121001,風土、生活與產業,GS,林郁芳,102,2
090126001,聲音自媒體應用與創作,GS,吳宇軒,102,3
000211011,政治學,R,蔡中民,202,3
000218021,總體經濟學,R,梁斐琪,208,3
000219051,經濟學,R,李文傑,208,3
000219521,經濟學,R,林信助,301,3
000219531,經濟學,R,蔡致遠,301,3
000221001,財政學,R,黃智聰,205,3
000226011,政治學,R,孫采薇,202,3
000227001,國際關係,R,馮慕文,203,3
000227011,國際關係,R,郭昕光,203,3
000228021,貨幣銀行學,P,林馨怡,208,3
000229001,社會學,R,馬藹萱,204,4
000314011,初級會計學（一）,R,徐愛恩,303,3
000314021,初級會計學（一）,R,何怡澄,303,3
000314061,初級會計學（一）,R,戚務君,303,3
000314101,初級會計學（一）,R,潘健民,303,3
000314111,初級會計學（一）,R,何怡澄,303,3
000314121,初級會計學（一）,R,陳宇紳,303,3
000314141,初級會計學（一）,R,林禹銘,303,3
000314151,初級會計學（一）,R,林禹銘,303,3
000323041,中級會計學（一）,R,金成隆,303,3
000337021,成本管理會計（一）,R,梁嘉紋,303,3
000347041,財務管理,E,盧敬植,307,3
000347081,財務管理,E,郭維裕,307,3
000348021,管理學,R,何乾瑋,305,3
000348041,管理學,R,周庭佑、潘博宇,305,3
000348051,管理學,R,李嘉綺,305,3
000348061,管理學,R,王斌育,305,3
000351061,投資學,R,張元晨,307,3
000357031,多媒體與程式設計軟體,E,李博逸,306,3
000358021,資料分析與程式設計入門,E,楊亨利,306,3
000359041,統計學（一）,R,吳漢銘,304,3
000359061,統計學（一）,R,陳怡如,304,3
000359091,統計學（一）,R,蔡紋琦,304,3
000359201,統計學（一）,R,戴以誠,304,3
000605001,商事法,R,王文杰,601,2
000711021,微積分,R,蔡承育,701,3
000712001,微積分,R,劉明郎,701,3
000713021,微積分甲,R,林俊良,701,3
000714001,微積分甲,R,郭岳承,701,3
031004101,國文－古典詩選讀,GC,呂昭明,101,3
031004111,國文－古典詩選讀,GC,周玉芬,101,3
031008021,國文－古典小說選讀,GC,蔡妙真,101,3
031012011,國文－現代小說選讀,GC,陳碩文,101,3
031013021,國文－臺灣文學選讀,GC,張惠珍,101,3
031015011,國文─中國神話選讀,GC,高莉芬,101,3
031017131,國文－中國語言文字名作選讀,GC,謝忠晟,101,3
031023001,國文－臺灣語言與文化選讀,GC,游喬茵,101,3
031027001,國文－進階班,GC,張堂錡,101,3
031031021,國文,GC,楊明璋,101,3
031031041,國文,GC,王婉如,101,3
032001061,大學英文（一）,GF,郭曉蓉,5T1,3
032001201,大學英文（一）,GF,賴宇彤,5T1,3
032001231,大學英文（一）,GF,黃淑真,5T1,3
032001241,大學英文（一）,GF,陳彩虹,5T1,3
032001261,大學英文（一）,GF,戚大為,5T1,3
032001281,大學英文（一）,GF,黃杏妃,5T1,3
032001311,大學英文（一）,GF,詳備註,5T1,3
032001401,大學英文（一）,GF,李寶莉,5T1,3
032001481,大學英文（一）,GF,謝思蕾,5T1,3
032001601,大學英文（一）,GF,李寶莉,5T1,3
032001641,大學英文（一）,GF,崔正芳,5T1,3
032001651,大學英文（一）,GF,戚大為,5T1,3
032001661,大學英文（一）,GF,陳綉諭,5T1,3
032001681,大學英文（一）,GF,黃杏妃,5T1,3
032001701,大學英文（一）,GF,蘇靖棻,5T1,3
032001811,大學英文（一）,GF,賴宇彤,5T1,3
032001831,大學英文（一）,GF,毛佩琦,5T1,3
032001931,大學英文（一）,GF,謝思蕾,5T1,3
041089001,近代台灣人物,GH,曾士榮,000,2
041100031,生命價值與哲學思惟,CGH,蔡偉鼎,104,3
041123011,生命探索與宗教文化,CGH,吳欣芳,000,3
041176001,風土、餐桌與台灣史,GH,黃仁姿,103,3
041201001,戰後台灣史與國際關係,GH,前田直樹,000,2
041212001,數位時代下的閱聽文化,GH,吳欣芳,000,3
042026001,保險糾紛介紹,GS,王正偉,308,2
042103001,由歷史事件看國際關係,GS,郭昕光,203,2
042112081,臺灣政治,CGS,盛杏湲,202,3
042116011,生活中的經濟學,CGS,羅光達,205,3
042121001,當代日中台關係,GS,石原忠浩,000,2
042126001,同志文學在東亞,GS,紀大偉,000,3
042133001,社會學動動腦,CGS,苗延威,204,3
042133011,社會學動動腦,CGS,鄭力軒,204,3
042156031,中國大陸概論,CGS,林義鈞,000,3
042181011,教育探索與自我學習,CGS,莊俊儒,102,3
042203001,職涯發展與求職策略,GS,丘周剛,000,3
042205001,俄國現勢,GS,許菁芸,000,2
042213001,去成長,GS,盧倩儀,509,2
043016011,生活中的生命科學,CGN,趙知章,000,3
043025001,大腦與我,CGN,陳玠文,000,3
043045001,睡眠與健康,GN,陳玠文,000,3
044022001,俄國文化與社會,GHS,彭桂英,504,2
044049001,電影與國際關係,GHS,蔡增家,000,2
044084001,動物與人類社會,GHSN,鄭麗榕,000,2
044114001,那些動物教我的事,GHN,廖文霖,000,2
044118001,抵抗！理論和實踐,GHS,郭怡慧,ZU1,3
044120001,氣候變遷對社會韌性的挑戰,GSN,呂采穎、杜文苓、趙家緯,ZU1,3
044M01001,東協的整合與發展,GHS,黎氏仁,000,1
045040001,自主學習專題：自由軟體GIMP影像編修與應用,GA,蔡炎龍,102,2
045065001,自主實踐學習１－２,GA,馬藹萱,102,1
046001011,程式設計概論,GI,邱淑怡,703,3
046006001,計算思維與人工智慧,GI,張家銘,000,3
088110031,華語－密集班聽力課程（一）,E,吳孟盈,162,3
088110061,華語－密集班聽力課程（一）,E,許宇萱,162,3
088210051,華語－密集班口說課程（一）,E,簡汎霓,162,3
088210061,華語－密集班口說課程（一）,E,許宇萱,162,3
088310041,華語－密集班閱讀課程（一）,E,陳惠芳,162,3
088310061,華語－密集班閱讀課程（一）,E,許宇萱,162,3
088500011,華語特別班基礎華語,E,許宇萱,162,3
088500021,華語特別班基礎華語,E,林佩君,162,3
088500031,華語特別班基礎華語,E,葛健生,162,3
088500041,華語特別班基礎華語,E,蔡一萍,162,3
088501021,華語特別班實用華語,E,吳孟盈,162,3
088502001,國際政經新聞,E,詹永康,162,3
088503001,中級商務華語,E,林佩君,162,3
088939001,讀成語故事學華語,E,陳憶寧,162,3
090026001,探索海洋－從水岸到深海,GN,陳建宏,102,2
090101001,西歐歷史建築,GH,邱博舜,102,2
090106001,健康與生活,GN,黃遵誠,102,2
090108011,關於藝術的話題,GHS,陳正才,102,2
090111001,環境科學與環境保護,GN,侯昭平,102,2
090123001,舞蹈鑑賞,GH,王宏豪,102,3
090125001,從空間認識藝術,GH,黃湧恩,102,2
993015001,衛生保健,GN,詳備註,000,2
000318111,初級會計學（二）,R,何怡澄,303,3
000318131,初級會計學（二）,R,林禹銘,303,3
000327011,中級會計學（二）,R,潘健民,303,3
000327021,中級會計學（二）,R,陳漢鐘,303,3
000346021,成本管理會計（二）,R,梁嘉紋,303,3
000350031,行銷管理,R,楊凱貽,305,3
000350041,行銷管理,R,朱怡亭、陳姿伃,305,3
000351051,投資學,R,邱健嘉,307,3
000359101,統計學（一）,R,薛慧敏,304,3
000360071,統計學（二）,R,蔡紋琦,304,3
000360201,統計學（二）,R,戴以誠,304,3
000605002,商事法,R,李珮瑜,601,2
000605022,商事法,R,陳言博,601,2
000711012,微積分,R,林光暉,701,3
000211012,政治學,R,蔡中民,202,3
000216001,社會學,E,劉叡穎,204,3
000217012,個體經濟學,R,陳鎮洲,208,3
000217022,個體經濟學,R,李慧琳,208,3
000218012,總體經濟學,R,洪福聲,208,3
000219532,經濟學,R,蔡致遠,301,3
000219552,經濟學,R,朴民佑,301,3
000228022,貨幣銀行學,P,張興華,208,3
000318061,初級會計學（二）,R,戚務君,303,3
000318071,初級會計學（二）,R,翁嘉祥,303,3
031007011,國文－古典散文選讀,GC,車行健,101,3
031017121,國文－中國語言文字名作選讀,GC,呂昭明,101,3
031017151,國文－中國語言文字名作選讀,GC,謝忠晟,101,3
032002031,大學英文（二）,GF,黃杏妃,5T1,3
032002041,大學英文（二）,GF,賴宇彤,5T1,3
032002051,大學英文（二）,GF,毛佩琦,5T1,3
032002081,大學英文（二）,GF,余懿珊,5T1,3
032002201,大學英文（二）,GF,賴宇彤,5T1,3
032002211,大學英文（二）,GF,趙宣彭,5T1,3
032002221,大學英文（二）,GF,金嘉炘,5T1,3
032002401,大學英文（二）,GF,李寶莉,5T1,3
032002411,大學英文（二）,GF,金嘉炘,5T1,3
032002431,大學英文（二）,GF,余懿珊,5T1,3
032002461,大學英文（二）,GF,戚大為,5T1,3
032002471,大學英文（二）,GF,陳雅莉,5T1,3
032002501,大學英文（二）,GF,郭曉蓉,5T1,3
032002601,大學英文（二）,GF,李寶莉,5T1,3
032002611,大學英文（二）,GF,金嘉炘,5T1,3
032002661,大學英文（二）,GF,陳綉諭,5T1,3
032002671,大學英文（二）,GF,朱容萱,5T1,3
032002681,大學英文（二）,GF,黃杏妃,5T1,3
032002701,大學英文（二）,GF,蘇靖棻,5T1,3
032002821,大學英文（二）,GF,郭曉蓉,5T1,3
032002831,大學英文（二）,GF,毛佩琦,5T1,3
032002841,大學英文（二）,GF,趙宣彭,5T1,3
032002881,大學英文（二）,GF,陳佳琦,5T1,3
032002921,大學英文（二）,GF,毛佩琦,5T1,3
032002941,大學英文（二）,GF,謝思蕾,5T1,3
041135011,西方文學經典與人文思維,CGH,姜翠芬,501,3
041179001,古代希臘的歷史與文化,GH,陳致宏,103,2
041195011,藝術與當代社會,CGH,鍾適芳,405,3
041214001,俄羅斯文學、電影與藝術,GH,陳美芬,504,3
042131001,全球經濟與勞工問題,GS,張其恆,000,2
042137011,法學素養,CGS,詹鎮榮,000,3
042156051,中國大陸概論,CGS,郭益昌,000,3
042194001,戰後日本外交史與經濟外交,GS,石原忠浩,000,2
042198001,社會創新與未來創造,GS,林承毅,405,3
042201001,誰來審判？國民法官就是你,GS,陳柏良,ZU1,3
042215001,人工智慧與社會,GS,黃凱紳,ZU1,3
042219001,商標權管理與品牌競爭,GS,沈宗倫,000,2
042221001,人工智慧與法律,GS,林佳和、劉宏恩、劉定基,000,3
042222001,人本交通與永續校園規劃,GS,蔡育新,207,2
043030001,數學、邏輯與人生,CGN,陳政輝,701,3
044006031,基督教與社會,GHS,王韻,000,3
044051001,美國運動史,GHS,周一騰,103,2
044101001,無所不在的人工智慧,GHI,羅崇銘,000,3
044110001,國際永續發展專題,GHS,何浩慈,000,3
044112001,園藝與生活,GSN,吳振發,ZU1,2
044122001,健康與媒體：溝通、敘事與實作,GSN,施琮仁、鍾宜杰,405,2
088100011,華語－密集班聽力課程（二）,E,林佩君,162,3
088200021,華語－密集班口說課程（二）,E,詹永康,162,3
088200041,華語－密集班口說課程（二）,E,陳惠芳,162,3
088300041,華語－密集班閱讀課程（二）,E,陳惠芳,162,3
088400021,華語－密集班寫作課程（二）,E,詹永康,162,3
088400031,華語－密集班寫作課程（二）,E,吳孟盈,162,3
088F10021,華語應用班,E,蔡一萍,162,3
088F10051,華語應用班,E,吳孟盈,162,3
090033001,野生動物保育行銷,GN,曹先紹,102,2
090129001,Inkscape向量繪圖與雲端開放資源應用,GI,孫賜萍,102,2
000318081,初級會計學（二）,R,俞洪昭,303,3
000318101,初級會計學（二）,R,潘健民,303,3
000318121,初級會計學（二）,R,陳宇紳,303,3
000327031,中級會計學（二）,R,徐愛恩,303,3
000327041,中級會計學（二）,R,金成隆,303,3
000347021,財務管理,E,湛可南,307,3
000350021,行銷管理,R,楊凱貽,305,3
000351031,投資學,R,林靖庭,307,3
000360011,統計學（二）,R,黃佳慧,304,3
000360021,統計學（二）,R,余清祥,304,3
000360041,統計學（二）,R,吳漢銘,304,3
000360051,統計學（二）,R,楊素芬,304,3
000360081,統計學（二）,R,周珮婷,304,3
000360091,統計學（二）,R,蔡紋琦,304,3
000604021,商事法,R,魏杏芳,601,2
000604031,商事法,R,詹聰哲,601,2
000702011,普通心理學,E,黃啟泰,702,3
000711022,微積分,R,蔡承育,701,3
000713012,微積分甲,R,楊南屏,701,3
000713032,微積分甲,R,林俊良,701,3
000217042,個體經濟學,R,陳鎮洲、黃柏鈞,208,3
000218022,總體經濟學,R,梁斐琪,208,3
000218052,總體經濟學,R,李文傑,208,3
000219032,經濟學,R,王信實,208,3
000219082,經濟學,R,廖郁萍,208,3
000219512,經濟學,R,吳文傑,301,3
000219542,經濟學,R,郭炳伸,301,3
000219562,經濟學,R,鄭鴻章,301,3
000219572,經濟學,R,溫偉任,301,3
000221002,財政學,R,黃智聰,205,3
000221012,財政學,R,陳國樑,205,3
000228042,貨幣銀行學,P,賴廷緯,208,3
000318031,初級會計學（二）,R,俞洪昭、翁嘉祥,303,3
000318051,初級會計學（二）,R,梁嘉紋,303,3
032002451,大學英文（二）,GF,彭家洋,5T1,3
032002631,大學英文（二）,GF,余懿珊,5T1,3
032002691,大學英文（二）,GF,郭曉蓉,5T1,3
032002911,大學英文（二）,GF,陳佳琦,5T1,3
031008031,國文－古典小說選讀,GC,許庭慈,101,3
031024001,進階國文－近代小說選讀,GC,陳碩文,101,3
032002021,大學英文（二）,GF,金嘉炘,5T1,3
032002061,大學英文（二）,GF,郭曉蓉,5T1,3
032002091,大學英文（二）,GF,李寶莉,5T1,3
032002241,大學英文（二）,GF,陳彩虹,5T1,3
032002251,大學英文（二）,GF,李寶莉,5T1,3
032002271,大學英文（二）,GF,陳綉諭,5T1,3
032002291,大學英文（二）,GF,毛佩琦,5T1,3
032002421,大學英文（二）,GF,黃杏妃,5T1,3
032002651,大學英文（二）,GF,戚大為,5T1,3
032002801,大學英文（二）,GF,余懿珊,5T1,3
032002931,大學英文（二）,GF,謝思蕾,5T1,3
041038001,當代台灣旅行文學欣賞,GH,張惠珍,101,3
041099041,文明發展與歷史思惟,CGH,雷恩‧侯洛伊德,103,3
041099061,文明發展與歷史思惟,CGH,周怡齡,103,3
041100001,生命價值與哲學思惟,CGH,林遠澤,104,3
041116001,語言與文化：以美式英文為例,GH,余明忠,501,3
041125001,台灣現代文學選讀,GH,陳佩甄,000,3
041172001,英美大眾小說：偵探和浪漫文類,GH,陳音頤,501,3
041177021,語言的人文與科學,CGH,張瑜芸、黃瓊之、賴瑶鍈,000,3
041187001,認識故宮名畫,GH,劉宇珍,103,3
041207001,解密生命樹：基督宗教傳統的跨時空之旅,GH,崔國瑜,103,3
041211001,當代台灣電影、文化與社會,GH,林庭瑩,000,3
041215001,戲曲賞鑑與習藝實踐,GH,蔡欣欣,101,3
042156021,中國大陸概論,CGS,寇健文,000,3
042195001,組織中的關係管理,GS,陳憶寧,402,3
042220001,永續發展與地方創生,GS,蔡文宜,ZU1,3
043042001,醫病風險數據與醫療（照護）管理,GN,陸行、詹銘煥,000,2
043048001,星空捎來的信,GN,李傳睿,000,3
044124001,人文社會的空間視野：地理資訊系統的跨域應用,GSNI,廖興中,206,3
045024011,圖書館實務及創意管理,GA,林巧敏,000,2
046006031,計算思維與人工智慧,GI,陳昭伶,000,3
046010001,生活中的未來語言：數學、Python與AI,GI,蔡炎龍,701,3
088100041,華語－密集班聽力課程（二）,E,陳惠芳,162,3
088100051,華語－密集班聽力課程（二）,E,方資閔,162,3
088200031,華語－密集班口說課程（二）,E,吳孟盈,162,3
088200051,華語－密集班口說課程（二）,E,方資閔,162,3
088200061,華語－密集班口說課程（二）,E,許宇萱,162,3
088300011,華語－密集班閱讀課程（二）,E,林佩君,162,3
088300031,華語－密集班閱讀課程（二）,E,吳孟盈,162,3
088400011,華語－密集班寫作課程（二）,E,林佩君,162,3
088F10011,華語應用班,E,許宇萱,162,3
088F10031,華語應用班,E,陳惠芳,162,3
088F10041,華語應用班,E,郭珊妤,162,3
088F72001,新聞華語,E,葛健生,162,3
088F73001,華語創作及選讀,E,蔡一萍,162,3
088S00011,入門華語夏日班,E,許宇萱,162,2
090066001,看的方法（紀錄片）,GH,朱詩倩,102,2
090119001,三貓生態食農傳播實踐,GSN,汪文豪,102,2
090127001,改變世界通識講座,GHS,林啓屏,102,1
090128001,全球保育新趨勢：森林、生態與你,GSN,石芝菁、黃鏡諺,102,2
000318091,初級會計學（二）,R,黃政仁,303,3
000318141,初級會計學（二）,R,林禹銘,303,3
000346011,成本管理會計（二）,R,李佳玲,303,3
000360031,統計學（二）,R,張育瑋,304,3
000360061,統計學（二）,R,陳怡如,304,3
000360211,統計學（二）,R,陳立榜,304,3
000702021,普通心理學,E,顏怡君,702,3
000711002,微積分,R,張宜武,701,3
000712011,微積分,R,劉明郎,701,3
000713022,微積分甲,R,林俊良,701,3
000217032,個體經濟學,R,徐麗振,208,3
000218002,總體經濟學,R,莊奕琦,208,3
000218042,總體經濟學,R,朱琇妍,208,3
000219022,經濟學,R,翁永和,208,3
000219042,經濟學,R,莊奕琦,208,3
000219052,經濟學,R,李文傑,208,3
000219112,經濟學,R,彭喜樞,208,3
000219122,經濟學,R,胡偉民,208,3
000219522,經濟學,R,林信助,301,3
000228032,貨幣銀行學,P,蕭明福,208,3
000229002,社會學,R,馬藹萱,204,4
000318011,初級會計學（二）,R,徐愛恩,303,3
000318021,初級會計學（二）,R,何怡澄,303,3
000318041,初級會計學（二）,R,詹凌菁,303,3
031008051,國文－古典小說選讀,GC,林起生,101,3
031025001,國文－入門班,GC,鄭又寧,101,3
032002011,大學英文（二）,GF,趙宣彭,5T1,3
032002071,大學英文（二）,GF,林翰儀,5T1,3
032002231,大學英文（二）,GF,黃淑真,5T1,3
032002261,大學英文（二）,GF,戚大為,5T1,3
032002281,大學英文（二）,GF,黃杏妃,5T1,3
032002301,大學英文（二）,GF,陳雅莉,5T1,3
032002441,大學英文（二）,GF,陳綉諭,5T1,3
032002481,大學英文（二）,GF,謝思蕾,5T1,3
032002491,大學英文（二）,GF,林翰儀,5T1,3
032002511,大學英文（二）,GF,賴宇彤,5T1,3
032002621,大學英文（二）,GF,趙宣彭,5T1,3
032002641,大學英文（二）,GF,崔正芳,5T1,3
032002711,大學英文（二）,GF,彭家洋,5T1,3
032002811,大學英文（二）,GF,賴宇彤,5T1,3
032002901,大學英文（二）,GF,趙宣彭,5T1,3
032002951,大學英文（二）,GF,謝思蕾,5T1,3
041026011,台灣歷史與文化,GH,曾士榮,000,2
041095001,客家語言與文化,GH,賴惠玲,501,3
041177001,語言的人文與科學,CGH,張瑜芸、黃瓊之、賴瑶鍈,000,3
041177011,語言的人文與科學,CGH,張瑜芸、黃瓊之、賴瑶鍈,000,3
041195001,藝術與當代社會,CGH,郭力昕,405,3
041216001,宗教朝聖與靈性旅遊,GH,吳欣芳,000,3
041217001,語用學：跨文化與數位溝通,GH,張晨恩,501,3
042112091,臺灣政治,CGS,彭立忠,000,3
042139021,認識智慧財產權,CGS,莊弘鈺,000,3
042166001,國際法導論,GS,陳純一,203,2
042181001,教育探索與自我學習,CGS,李淑菁,102,3
042207001,地方創生入門,GS,蕭惠中、戴秀雄,207,2
044060001,東南亞社會與人文,GHS,楊昊,000,3
044123001,數位文明：科技、倫理與人文思辨,GSI,莊奕琦、楊光磊,208,2
046009001,生成式人工智慧時代的生活紀實,GI,郭正佩,000,3
088100021,華語－密集班聽力課程（二）,E,詹永康,162,3
088100031,華語－密集班聽力課程（二）,E,吳孟盈,162,3
088100061,華語－密集班聽力課程（二）,E,許宇萱,162,3
088200011,華語－密集班口說課程（二）,E,林佩君,162,3
088300021,華語－密集班閱讀課程（二）,E,詹永康,162,3
088300051,華語－密集班閱讀課程（二）,E,方資閔,162,3
088300061,華語－密集班閱讀課程（二）,E,許宇萱,162,3
088400041,華語－密集班寫作課程（二）,E,陳惠芳,162,3
088400051,華語－密集班寫作課程（二）,E,方資閔,162,3
088400061,華語－密集班寫作課程（二）,E,許宇萱,162,3
088F00011,華語基礎班,E,許宇萱,162,3
088F00021,華語基礎班,E,葛健生,162,3
088F00031,華語基礎班,E,方資閔,162,3
088F00041,華語基礎班,E,林佩君,162,3
088F00051,華語基礎班,E,黃麗中,162,3
088F10061,華語應用班,E,黃麗中,162,3
088F71001,中級商務華語,E,林佩君,162,3
088S10011,基礎華語夏日班,E,吳孟盈,162,2
088S90011,零基礎華語夏日班,E,吳孟盈,162,2
090115001,資訊素養與倫理,GNI,區國良,102,2
993031001,戲劇音樂：人性,GH,詳備註,000,2
010032001,英語語言學概論,R,葉侃彧,501,2
010056031,日語讀本（一）,R,邱麗娟,506,2
010082001,英語語音學,R,陳怡臻,501,3
010103041,日語會話（一）,R,劉麗文,506,2
010103071,日語會話（一）,R,葉寶珠,506,2
010104011,中級日語,R,葉寶珠,506,3
010107031,日文寫作,R,傅斯榆,506,2
010113011,高級日語,E,洪淑娟,506,2
010122011,初級韓國語,R,羅際任,507,3
010919001,韓國文化理解（一）,E,羅際任,507,2
010924001,商用日文書信１,E,楊慧芳,506,2
070078001,旅行與台灣歷史,E,林果顯、廖文宏,000,2
070100001,普通物理學（一）,R,蕭又新,000,3
070196001,跨界實驗室,R,陳文玲,000,3
070216001,傳統精緻藝術再創新－故宮博物院專案實作,E,吳彥杰,000,3
070221001,旅行與台灣歷史,E,林果顯、廖文宏,000,2
070225001,中國文學史,E,曾守正,000,3
070230001,東南亞伊斯蘭文明,E,蔡源林,000,3
070260001,創意與設計,E,陳文玲,000,3
070303001,排灣族語（一）,E,波宏明,209,2
070305001,布農族語（一）,E,全正文,209,2
070325001,布農族語（三）,E,全正文,209,2
070327001,排灣族語（三）,E,波宏明,209,2
070347001,大文山地方創生與文化傳播,E,汪文豪,000,2
070349001,調查實務,R,蕭怡靖,000,3
070352001,族語教學觀摩與教學實習,E,高秀玉,209,2
070376001,影像與當代華人社會,E,林庭瑩,000,3
070379001,華語教學導論,E,鍾隆瑋,000,3
070399001,人工智慧生成圖像與創造力,E,李怡志,000,3
070402001,台日文學名著選讀,E,吳佩珍,000,3
070423001,人工智慧導論,R,詳備註,000,3
101826001,電影評論寫作,E,聞天祥,101,3
101881001,中國道教文學,E,高振宏,101,3
202002001,中華民國憲法及政府,R,翁燕菁,202,3
204008011,社會學理論,R,高國魁,204,4
204103001,社會組織,P,鄭力軒,204,3
207004001,土地經濟學,R,林子欽,207,3
207031001,土地使用管制,R,丁秀吟,207,3
209043001,台灣原住民語言—泰雅語,P,鄭光博,209,2
209045001,台灣民族史,R,王雅萍,209,3
209050001,台灣原住民語言—賽德克語,P,伊萬納威,209,2
209745001,博物館管理與經營,E,陳春蘭,209,3
300779001,營運與供應鏈管理,E,侯佩妤,000,3
300817001,線性代數,E,薛慧敏,000,3
302032011,金融法規,P,李桐豪,302,3
305659001,供應鏈管理實務,E,陳立民,305,2
305776001,創創入門,E,陳冠儒、樓永堅,305,3
306013011,資料結構,R,郁方,306,3
401120001,進階新聞報導與族群／性別／階級,P,方念萱,401,3
405001021,傳播概論,R,王淑美,405,3
405939001,新傳播科技,E,曾國峰,405,3
501063001,十九世紀英國文學,P,陳音頤,501,3
501065001,語言與認知,P,鍾曉芳,501,3
501833001,心理語言學,E,薩文蕙,501,3
504032001,中級俄語語法,R,吳佳靜,504,2
504049001,中級俄語視聽訓練（一）,P,吳佳靜,504,2
504056001,進階俄語會話,R,薩承科,504,2
504056011,進階俄語會話,R,瑪詩可娃,504,2
504061011,進階俄語：經貿,E,張珮琪,504,2
504062001,波蘭國情概論,P,貝娜煦,504,2
504827001,捷克文（三）,E,赫萊娜,504,3
504910001,波語會話（一）,E,羅百德,504,3
506005001,初級日語,R,葉秉杰,506,4
506019001,日本專題研究Ｃ１：歷史文化,P,楊素霞,506,2
506073001,日本名著選讀Ａ１：語言,P,王淑琴,506,2
506075001,日本名著選讀Ｃ１：歷史文化,P,金想容,506,2
506832001,日本研究入門：議題與方法,E,山藤夏郎,506,2
506845001,日譯中理論與實務１,E,王盈文,506,2
507875001,韓國政治與民主化,E,朱立熙,507,3
507916001,韓國影劇欣賞,E,吳輪貞,507,2
508079001,土耳其語視聽與會話（一）,R,艾睿哲、馬仕強,508,3
508084001,土耳其語翻譯,R,曾蘭雅,508,2
508862001,土耳其文口譯實務,E,紀耀凱,508,3
509894001,歐洲文化與文明,E,許玉燕,509,2
599893001,大學外文（一）：越南文,E,陳凰鳳,5T1,3
599901011,大學外文（一）：韓語,E,羅際任,5T1,3
599901021,大學外文（一）：韓語,E,羅際任,5T1,3
599903001,大學外文（三）：韓語,E,羅際任,5T1,3
599940001,大學外文（三）：德文,E,許嘉眙,5T1,3
601682001,歐盟法導論,E,陳靜慧,601,3
599944021,大學外文（一）：法文,E,李立林,5T1,3
599944041,大學外文（一）：法文,E,羅清菁,5T1,3
601131011,行政法（一）,P,傅玲靜,601,2
601155021,刑法（一）,R,李聖傑,601,3
701008001,微分方程,R,符聖珍,701,3
701010001,代數學,R,張宜武,701,3
701012001,作業研究,R,陳政輝,701,3
703857001,社群媒體概論,E,謝佩璇,703,3
782003001,近代物理學,R,李傳睿,000,3
ZU1888001,國際智財管理,E,宋皇志,ZU1,3
599935001,大學外文（三）：日文,E,詹兆雯,5T1,3
599943021,大學外文（一）：西班牙文,E,李文康,5T1,3
599946031,大學外文（一）：日文,E,詹兆雯,5T1,3
601005011,民法物權,R,牛曰正,601,3
601154001,民法總則,R,周伯峰,601,3
601159001,民法債編總論（二）,R,呂彥彬,601,3
601339001,智慧財產權法總論,E,沈宗倫,601,2
601464001,國際租稅法,E,鍾騏,601,3
202817001,大數據分析與社會科學,E,林啟耀,202,3
010030001,刑法（一）,R,洪敏超,601,3
010056001,日語讀本（一）,R,葉寶珠,506,2
010056011,日語讀本（一）,R,洪淑娟,506,2
010056021,日語讀本（一）,R,馮秋玉,506,2
010058001,日語讀本（二）,R,葉寶珠,506,2
010058011,日語讀本（二）,R,馮秋玉,506,2
010059011,日語聽力練習,R,施列庭,506,2
010059021,日語聽力練習,R,楊慧芳,506,2
010059031,日語聽力練習,R,劉碧惠,506,2
010060011,進階日語聽力練習,E,傅斯榆,506,2
010060021,進階日語聽力練習,E,楊慧芳,506,2
010060031,進階日語聽力練習,E,許育惠,506,2
010060041,進階日語聽力練習,E,郭蓉蓉,506,2
010091001,英美文學,R,陳建龍,501,3
010102031,初級日語,R,林士鈞,506,3
010103011,日語會話（一）,R,周雅玲,506,2
010103061,日語會話（一）,R,許育惠,506,2
010103081,日語會話（一）,R,馮秋玉,506,2
010105071,日語會話（二）,R,林士鈞,506,2
010107041,日文寫作,R,林士鈞,506,2
010107051,日文寫作,R,增田高志,506,2
010113001,高級日語,E,坂井郁子,506,2
010117001,國際關係,R,鄧中堅,203,3
010122001,初級韓國語,R,羅際任,507,3
010123011,中級韓國語,R,羅際任,507,3
010922001,韓語口說訓練（一）,E,崔峼熲,507,3
207073001,民法（一）,R,李明芝,207,3
207083001,不動產估價理論,R,陳奉瑤,207,3
207094001,土地法（一）,R,戴秀雄,207,3
207102001,土地登記,R,李志殷,207,3
209069001,民族學研究方法與實作,R,高雅寧,209,3
209698001,飲食與文化,E,高雅寧,209,3
300878001,資訊管理,E,周致遠,000,3
300933001,數理統計學,E,張志浩,000,3
302044001,金融機構管理,P,楊曉文,302,3
304004001,線性代數,R,薛慧敏,304,3
304025001,機率論,R,張志浩,304,3
304029001,數理統計學（二）,R,黃子銘,304,3
304030001,程式設計與統計軟體,R,吳漢銘,304,3
305677001,數位行銷實作研習,E,樓永堅,305,3
305688001,營運與供應鏈管理研討,E,李易諭,305,3
306005011,計算機概論,R,簡士鎰,306,2
306049011,程式設計一,R,蕭舜文,306,2
307864001,財務軟體應用,E,陳虹伶,307,3
308001001,保險學,R,劉文彬,308,3
308848001,ESG永續投資與綠色金融創新,E,王儷玲,308,3
501010001,西洋文學概論,R,林質心,501,3
501045001,翻譯專題：翻譯理論,R,余淑慧,501,3
501064001,翻譯專題：理論與實務,R,吳敏華,501,3
501915001,現代詩,E,施堂模,501,3
504024011,初級俄語語法,R,柯瓊鎣,504,2
504054011,初級俄語會話,R,薩承科,504,1
504055001,中級俄語會話,R,薩承科,504,2
504057021,高階俄語會話,E,薩承科,504,2
504059011,進階俄語：文化,E,江杰翰,504,2
504775001,烏克蘭語言與文化,E,徐裕軒,504,2
504777001,初級波語閱讀訓練,E,羅百德,504,2
504781001,捷克人文與文化探索,E,赫萊娜,504,2
504821001,中級俄語閱讀訓練（一）,E,張瑞承,504,2
504839001,俄語（二）,E,江杰翰,504,3
504890001,捷克名著選讀,E,林蒔慧,504,2
504901001,捷語會話（二）,E,赫萊娜,504,3
504905001,斯拉夫概論,E,貝娜煦、林蒔慧、張瑞承、赫萊娜,504,2
506018001,日本專題研究Ｂ１：文學,P,山藤夏郎,506,2
506074001,日本名著選讀Ｂ１：文學,P,鄭家瑜,506,2
506825001,日語表現與創作,E,金想容,506,2
507022001,韓語翻譯,R,林侑毅,507,3
507817001,作為外語的韓國語教育入門,E,陳冠超,507,2
507845001,韓文教材教法,E,陳慶智,507,2
508079011,土耳其語視聽與會話（一）,R,艾睿哲、馬仕強,508,3
509896001,用德語說臺灣,E,姚紹基、黃逸龍,509,2
509901001,初級德文語練（一）,E,許嘉眙,509,2
509916001,新聞西班牙文,E,馬德睿,509,2
509918001,專業西文會話,E,馬德睿,509,2
599893011,大學外文（一）：越南文,E,陳凰鳳,5T1,3
599895001,大學外文（三）：越南文,E,陳凰鳳,5T1,3
599901001,大學外文（一）：韓語,E,羅際任,5T1,3
599917001,大學外文（一）：捷克文,E,林蒔慧,5T1,3
599943041,大學外文（一）：西班牙文,E,李文康,5T1,3
599944001,大學外文（一）：法文,E,李立林,5T1,3
599944011,大學外文（一）：法文,E,李立林,5T1,3
599944031,大學外文（一）：法文,E,李立林,5T1,3
599945001,大學外文（一）：德文,E,江世琳,5T1,3
599945011,大學外文（一）：德文,E,江世琳,5T1,3
599946011,大學外文（一）：日文,E,詹兆雯,5T1,3
599946021,大學外文（一）：日文,E,詹兆雯,5T1,3
601005021,民法物權,R,張柏淵,601,3
601131021,行政法（一）,P,吳秦雯,601,2
601154011,民法總則,R,向明恩,601,3
601159011,民法債編總論（二）,R,王千維,601,3
601372001,中國大陸法制導論,E,王文杰,601,2
601451001,國際智慧財產權法專題研究（二）,E,沈宗倫,601,2
601596001,專利法,E,陳龍昇,601,2
701001001,微積分,R,曾睿彬,701,4
701002001,線性代數,R,班榮超,701,3
701006001,機率論,R,洪芷漪,701,3
701018001,計算機程式,R,曾正男,701,3
701025001,數學導論,R,張宜武,701,2
701889001,生成式 AI：文字與圖像生成的原理與實務,E,蔡炎龍,701,3
702006001,生理心理學,R,顏怡君,702,3
703008001,資料結構,R,郭桐惟,703,3
703019001,計算機結構與組織,R,彭彥璁,703,3
703869001,3D遊戲程式設計,E,紀明德,703,3
782001001,普通物理學（一）,R,蕭又新,000,3
782004001,電磁學（一）,R,許琇娟,000,3
782026001,專題研究（二）,P,宋皇志、林瑜琤、許琇娟、彭彥璁、楊志開、蔡尚岳、蕭又新,000,3
782034001,普通物理學實驗,R,歐敏男,000,2
900031001,STEAM教育導論,E,陳明輝、曾正男,000,3
ZU1001001,全球研究導論,R,江順楠,ZU1,3
ZU1042001,AI與倫理,P,陳柏良,ZU1,3
070152001,臺灣的時空旅行,E,鄭麗榕,000,2
070171011,選修英文：閱讀與口語訓練（ETP專班）,E,陳綉諭,5T1,3
070172011,選修英文：學術聽說訓練（ETP專班）,E,黃杏妃,5T1,3
070173011,選修英文：英文寫作（ETP專班）,E,戚大為,5T1,3
070281001,歐洲文化與文明,E,許玉燕,000,2
070288001,數位行銷與博物館科技,E,李昀叡,000,2
070296001,台灣原住民族文化概論,E,李台元,209,3
070313001,原住民族與國家發展,E,蕭惠中,209,3
070323001,阿美族語（三）,E,朱清義,209,2
070329001,泰雅族語（三）,E,鄭光博,209,2
070335001,賽夏族語（一）,E,風英輝,209,2
070382001,政治學概論,E,梁家瑜,000,3
104001001,哲學概論,R,劉若韶,104,3
070400001,阿美語語法結構,E,朱清義,209,2
070430001,用德語說臺灣,E,姚紹基、黃逸龍,000,2
070432001,民族藝術,E,陳乃華,000,3
070436001,精準健康概論,R,陳玠文、陳紹寬,000,3
101827001,晚清小說,E,陳碩文,101,3
202035001,政治哲學概論,R,陳建綱,202,3
203059001,國際談判,R,黃奎博,203,3
401146001,分類報導訊息研究－醫療健康與環境新聞,P,徐美苓,401,3
405001011,傳播概論,R,王皓正,405,3
405944001,創意與設計,E,陳文玲,405,3
501010011,西洋文學概論,R,許立欣,501,3
501841001,語意學導論,E,賴惠玲,501,3
501874001,戲劇選讀,E,羅狼仁,501,3
010029001,民法總則,R,張義德,601,3
010058021,日語讀本（二）,R,邱麗娟,506,2
010059001,日語聽力練習,R,郭蓉蓉,506,2
010059041,日語聽力練習,R,傅斯榆,506,2
010060001,進階日語聽力練習,E,邱麗娟,506,2
010069011,英語口語訓練,R,陶韻惠,501,2
010095001,英文作文（一）,R,江介維,501,2
010097001,英文作文（二）,R,江介維,501,2
010100001,中級會計學（一）,R,陳錦烽,303,3
010103031,日語會話（一）,R,郭蓉蓉,506,2
010104031,中級日語,R,邱麗娟,506,3
010105011,日語會話（二）,R,周雅玲,506,2
010105041,日語會話（二）,R,坂井郁子,506,2
010105051,日語會話（二）,R,劉麗文,506,2
010107061,日文寫作,R,坂井郁子,506,2
010108001,閱讀指導,R,吳佳林,501,2
010120001,審計學（一）,E,許晉銘,303,3
010122031,初級韓國語,R,高胤茹,507,3
010123001,中級韓國語,R,崔峼熲,507,3
010125001,韓語語法（１）,R,鄭乃瑋,507,2
010125021,韓語語法（１）,R,高胤茹,507,2
010917001,觀光日語,E,增田高志,506,2
010923001,高級韓國語,E,羅際任,507,3
010928001,商用日語會話１,E,許育惠,506,2
070024001,第二語言習得,E,鄭又寧,000,3
070144001,行銷管理,P,白佩玉,000,3
070153001,財務管理,P,盧敬植,000,3
070171021,選修英文：閱讀與口語訓練（ETP專班）,E,陳綉諭,5T1,3
070172021,選修英文：學術聽說訓練（ETP專班）,E,郭曉蓉,5T1,3
070176001,專題研究Ｉ,R,詹銘煥,000,2
070282001,歐盟法導論,E,陳靜慧,000,3
070300001,阿美族語（一）,E,朱清義,209,2
070342001,華語文測驗與評量,E,方瑾,000,3
070367001,賽夏族語（三）,E,風英輝,209,2
070372001,永續、創新與商業模式,E,柯玉佳,000,2
070373001,語法學,E,陳奕勳,000,3
070377001,華僑與雙語教育,E,陳仲妤,000,3
070378001,語言學概論,E,杜容玥,000,3
070380001,大學社會責任PBL課程,P,王信實、陳志輝、蔡培元、蘇昱璇,000,3
103199001,中國古代醫療史,P,金仕起,103,3
103230001,性別與近代西方世界的形成,P,許慧琦,103,3
104005001,倫理學,R,王華,104,3
070401001,劇本寫作與AI協作,E,吳彥杰,000,1
070410001,創新創業講做堂,E,林士淵,000,3
070422001,基礎程式設計Ｃ＋＋,R,紀俊男,000,3
070429001,生成式人工智慧與機器學習導論,R,詳備註,000,3
070431001,設計人生，人生設計,E,林承毅,000,3
070434001,跨界專題：藝術永續實踐,E,鄭宇君、羅文倩,000,2
070435001,區塊鏈與數位資產,E,鄭旭高,000,3
101782001,文學經典閱讀與評論,E,張堂錡,101,3
202003001,比較政府與政治,R,楊婉瑩,202,3
203056001,國際政治經濟學,R,張文揚,203,3
203076001,國際經濟,P,李佳怡,203,3
504900001,波語會話（二）,E,蔡麗莉,504,3
504902001,捷語會話（一）,E,赫萊娜,504,3
504919001,波蘭文（三）,E,貝娜煦,504,3
506017001,日本專題研究Ａ１：語言,P,喬曉筠,506,2
506853001,日本文學史１,E,高啓豪,506,2
507052001,韓國學概論,R,權景祿,507,3
507841001,韓國近代史,E,朱立熙,507,2
508059001,土耳其文學概論,R,李珮玲,508,2
209001001,民族學,R,官大偉,209,3
209025001,民族藝術,P,陳乃華,209,3
209026001,民族教育,P,王雅萍,209,3
209756001,博物館學,E,陳乃華,209,3
302018001,銀行經營管理,R,林士貴、孫全玉,302,3
302045001,衍生性金融商品,R,林士貴,302,3
306009011,系統分析與設計,R,杜雨儒,306,3
306738001,數位創新沙龍,E,張欣綠,306,2
308855001,區塊鏈與Python程式設計簡介,E,謝明華,308,3
204831001,地方創生：活化策略的方法與實踐,E,林承毅,204,3
205850001,永續發展與企業社會責任,E,周麗芳,205,3
405001001,傳播概論,R,唐允中,405,3
405001031,傳播概論,R,孫秀蕙,405,3
405873001,跨界實驗室,E,陳文玲,405,3
405915001,圖像與文創,E,劉俐華,405,3
405940001,影像概論,E,陳儒修,405,3
405948001,紀實採寫,E,林怡潔,405,3
501056001,翻譯專題：翻譯的基本概念及技巧,R,陳國華,501,3
501060001,語言學習導論,P,招靜琪,501,3
501062001,英國文學：1600以前,P,施堂模,501,3
501925001,聖經與文學,E,姜翠芬,501,3
504024001,初級俄語語法,R,張瑞承,504,2
504032011,中級俄語語法,R,張珮琪,504,2
504054001,初級俄語會話,R,瑪詩可娃,504,1
504055011,中級俄語會話,R,瑪詩可娃,504,2
504087001,俄羅斯概論,P,吳佳靜,504,2
504095001,俄國史,P,陳美芬,504,3
504778001,ＡＩ視角下的俄語導覽台灣：國情、飲食、觀光、交通,E,劉心華,504,2
504820001,中級俄語口說訓練（一）,E,葉相林,504,2
504822001,初級俄語視聽訓練（一）,E,張珮琪,504,2
504830001,波蘭文（一）,E,貝娜煦,504,3
504831001,捷克文（二）,E,林蒔慧,504,3
504834001,捷克文（一）,E,林蒔慧,504,3
504838001,俄語（一）,E,吳佳靜,504,3
504906001,俄羅斯詩歌選讀,E,鄢定嘉,504,2
504927001,波蘭文（二）,E,貝娜煦,504,3
509886001,專業法文檢定訓練（B1）,E,黃馨逸,509,2
506839001,日本社會與文化,E,金想容,506,2
506862001,日本歷史１,E,楊素霞,506,2
508049001,土耳其通論,R,熊道天,508,3
508052001,大一土耳其語,R,李珮玲,508,3
599791001,大學外文（一）：俄語,E,吳佳靜,5T1,3
599874001,大學外文（一）：土耳其語,E,馬仕強,5T1,3
599889001,大學外文（一）：泰文,E,譚華德,5T1,3
599915001,大學外文（一）：波蘭文,E,貝娜煦,5T1,3
599941001,大學外文（三）：法文,E,李立林,5T1,3
599942001,大學外文（三）：西班牙文,E,馬德睿,5T1,3
599943001,大學外文（一）：西班牙文,E,李文康,5T1,3
599943011,大學外文（一）：西班牙文,E,李文康,5T1,3
599943031,大學外文（一）：西班牙文,E,李文康,5T1,3
599945021,大學外文（一）：德文,E,江世琳,5T1,3
599945031,大學外文（一）：德文,E,江世琳,5T1,3
599945041,大學外文（一）：德文,E,江世琳,5T1,3
599946001,大學外文（一）：日文,E,詹兆雯,5T1,3
601005001,民法物權,R,吳瑾瑜,601,3
601131001,行政法（一）,P,陳靜慧,601,2
601154021,民法總則,R,葉啓洲,601,3
601155011,刑法（一）,R,黃士軒,601,3
601159021,民法債編總論（二）,R,向明恩,601,3
601314001,英文契約導讀及撰寫（三）,E,顏玉明,601,2
601315001,英國契約法導論,E,陳明渝,601,1
601341001,公司治理與ESG,E,陳盈如,601,2
601429001,AI與倫理,E,陳柏良,601,3
601453001,公益服務法律實習－共好文山計畫（四）,E,陳志輝,601,2
601580001,契約法,E,詹森林,601,1
601582001,國際人權法,E,翁燕菁,601,3
701002011,線性代數,R,符聖珍,701,3
701003001,高等微積分,R,陳隆奇,701,4
782032001,電子學（一）,R,蔡尚岳,000,3
934019001,生物科技管理實務,R,宋皇志、詳備註,000,1
ZU1009001,全球衛生治理,P,杜文苓、劉汗曦,ZU1,3
ZU1015001,資料科學,P,呂欣澤,ZU1,3
ZU1022001,程式設計,R,呂欣澤,ZU1,3
ZU1911001,環太平洋語言：歷史，語言，社會與政治,E,戴智偉,ZU1,3
010003001,西洋外交史,P,劉蕭翔,203,3
010032002,英語語言學概論,R,葉侃彧,501,2
010055001,法學的歷史、社會與思想,R,陳宛妤,601,3
010056012,日語讀本（一）,R,洪淑娟,506,2
010058022,日語讀本（二）,R,邱麗娟,506,2
010059002,日語聽力練習,R,郭蓉蓉,506,2
010059022,日語聽力練習,R,楊慧芳,506,2
010060002,進階日語聽力練習,E,邱麗娟,506,2
010060012,進階日語聽力練習,E,傅斯榆,506,2
010060042,進階日語聽力練習,E,郭蓉蓉,506,2
010103012,日語會話（一）,R,周雅玲,506,2
010103032,日語會話（一）,R,郭蓉蓉,506,2
010103042,日語會話（一）,R,劉麗文,506,2
010105042,日語會話（二）,R,坂井郁子,506,2
010105052,日語會話（二）,R,劉麗文,506,2
010105072,日語會話（二）,R,林士鈞,506,2
010107042,日文寫作,R,林士鈞,506,2
010122002,初級韓國語,R,羅際任,507,3
010123002,中級韓國語,R,崔峼熲,507,3
010914001,國際安全,E,陳麒安,203,3
010915001,商用日文書信,E,楊慧芳,506,2
070215001,跨界專題－Ｘ計畫,R,陳文玲、羅文倩,000,3
070257001,語用學,E,陳奕勳,000,3
070304001,排灣族語（二）,E,詳備註,209,2
070316001,地方創生與青年創業實驗室,E,王雅萍,000,3
070320011,新媒體與創業,E,盧建誌,000,3
070324001,阿美族語（四）,E,朱清義,209,2
070326001,布農族語（四）,E,全正文,209,2
070328001,排灣族語（四）,E,詳備註,209,2
070330001,泰雅族語（四）,E,鄭光博,209,2
070334001,人社跨域的行動知識,R,陳建綱,000,1
070336001,賽夏族語（二）,E,風英輝,209,2
070358001,德語系國家現代社會與文化變遷,E,許嘉眙,000,2
070375001,華語教學課堂管理與實作,E,方瑾,000,3
070414001,虛擬資產與實體資產代幣化應用趨勢,E,鄭旭高,000,3
070415001,資料科學基礎：社會科學的工具箱,E,杜福童,000,3
070441001,精準健康實務,R,陳紹寬,000,2
070442001,互動式多媒體族語教材製作,E,高秀玉,209,2
070444001,自主學習與永續校園,E,詹志禹,000,1
301032001,國際企業管理,P,蘇威傑,301,3
301047001,用Python學財務計量,P,顏佑銘,301,3
305763001,智能供應鏈：趨勢與應用,E,羅明琇,305,2
305827001,商業決策分析,E,李易諭,305,3
306735001,使用者體驗設計,E,簡士鎰,306,3
504024002,初級俄語語法,R,張瑞承,504,2
504056002,進階俄語會話,R,薩承科,504,2
504056012,進階俄語會話,R,瑪詩可娃,504,2
504057022,高階俄語會話,E,薩承科,504,2
504774001,初級烏克蘭語閱讀,E,徐裕軒,504,2
506078001,日本名著選讀Ｃ２：歷史文化,P,楊素霞,506,2
506843001,日譯中理論與實務２,E,王盈文,506,2
506859001,日本歷史２,E,楊素霞,506,2
507842001,韓文教學實習,E,陳慶智,507,2
507859001,韓國轉型正義電影評析,E,朱立熙,507,3
507936001,韓國政治,E,權景祿,507,3
507943001,觀光韓語,E,吳輪貞,507,2
509880001,四分五裂還是團結一致？歐洲內部與歐盟論述,E,閔思齊,509,3
509922001,新聞德文,E,黃逸龍,509,2
599890001,大學外文（二）：泰文,E,譚華德,5T1,3
599902011,大學外文（二）：韓語,E,羅際任,5T1,3
599947021,大學外文（二）：西班牙文,E,李文康,5T1,3
599947031,大學外文（二）：西班牙文,E,李文康,5T1,3
599947041,大學外文（二）：西班牙文,E,李文康,5T1,3
599788001,大學外文（四）：越南文,E,陳凰鳳,5T1,3
599865001,大學外文（二）：土耳其語,E,馬仕強,5T1,3
599885001,大學外文（四）：法文,E,李立林,5T1,3
599886011,大學外文（四）：德文,E,閔思齊,5T1,3
599902001,大學外文（二）：韓語,E,羅際任,5T1,3
599912001,大學外文（二）：葡萄牙文,E,守般若,5T1,3
599948011,大學外文（二）：法文,E,李立林,5T1,3
599948031,大學外文（二）：法文,E,李立林,5T1,3
599949011,大學外文（二）：德文,E,江世琳,5T1,3
599949021,大學外文（二）：德文,E,江世琳,5T1,3
599949031,大學外文（二）：德文,E,江世琳,5T1,3
599950011,大學外文（二）：日文,E,詹兆雯,5T1,3
599950031,大學外文（二）：日文,E,詹兆雯,5T1,3
601091011,憲法,P,廖元豪,601,3
601102011,身分法,P,戴瑀如,601,3
601102021,身分法,P,小林貴典,601,3
601136011,行政法（二）,P,傅玲靜,601,2
701002012,線性代數,R,符聖珍,701,3
701792001,隨機過程,E,洪芷漪,701,3
701003002,高等微積分,R,陳隆奇,701,4
701943001,機器學習,E,曾正男,701,3
782019001,普通物理學（二）,R,蕭又新,000,3
070448001,大型語言模型與資訊安全系統,R,詳備註,000,3
070942001,電影與政治,E,梁家瑜,000,3
070400002,阿美語語法結構,E,朱清義,209,2
070408001,社會實踐專題,P,王信實、高雅寧、蘇昱璇,000,3
070437001,國際人道法與難民法,E,蔡沛倫,000,2
103112001,元明清繪畫史,P,劉宇珍,103,3
202036001,社會科學的邏輯,P,葉浩,202,3
203007002,國際公法,R,蔡沛倫,203,2
203877001,中共政經發展與兩岸關係,E,朱新民,203,2
207095001,土地法（二）,R,戴秀雄,207,3
209001002,民族學,R,官大偉,209,3
209069002,民族學研究方法與實作,R,高雅寧,209,3
209593001,臺灣原住民族語言及文化,E,王雅萍、招靜琪,209,2
308847001,機器學習與人工智慧個案實作,E,謝明華,308,3
403072001,電影欣賞與評鑑,P,盧非易,403,3
405007001,傳播與當代思潮,R,柯裕棻,405,3
405007021,傳播與當代思潮,R,黃俊銘,405,3
405007031,傳播與當代思潮,R,謝杰廷,405,3
405937001,傳播法規與倫理,E,盧建誌,405,3
405950011,基礎創意寫作,E,馬克明,405,3
501009012,英語語言學概論,R,賴惠玲,501,3
501011001,文學作品讀法,R,吳敏華,501,3
501838001,逐/同步口譯,E,張郇慧,501,3
501873001,小說選讀,E,柯瑞強,501,3
504063001,捷克國情概論,P,林蒔慧,504,2
504817001,中級俄語口說訓練（二）,E,葉相林,504,2
782024001,奈米科技導論,P,林宮玄,000,3
934020001,生物科技管理個案,R,詳備註、鄭菀瓊,000,1
ZU1866001,數位人文與AI,E,呂欣澤,ZU1,3
010026001,憲法,P,謝碩駿,601,3
010056002,日語讀本（一）,R,葉寶珠,506,2
010056022,日語讀本（一）,R,馮秋玉,506,2
010058002,日語讀本（二）,R,葉寶珠,506,2
010059012,日語聽力練習,R,施列庭,506,2
010059042,日語聽力練習,R,傅斯榆,506,2
010095002,英文作文（一）,R,江介維,501,2
010103072,日語會話（一）,R,葉寶珠,506,2
010104012,中級日語,R,葉寶珠,506,3
010105012,日語會話（二）,R,周雅玲,506,2
010108002,閱讀指導,R,吳佳林,501,2
010110001,中級會計學（二）,R,陳錦烽,303,3
010113002,高級日語,E,坂井郁子,506,2
010123012,中級韓國語,R,羅際任,507,3
010126021,韓語語法（２）,R,鄭乃瑋,507,2
010130001,審計學（二）,E,許晉銘,303,3
010920001,日本文化,E,許育惠,506,2
010927001,商用日語會話２,E,許育惠,506,2
300817002,線性代數,E,吳漢銘,000,3
301888001,財務金融資訊分析,E,顏佑銘,301,3
304004002,線性代數,R,董奕賢,304,3
304026001,數理統計學（一）,R,黃子銘,304,3
304835001,統計機器學習,E,張志浩,304,3
305666001,商業資料分析：R運算,E,侯佩妤,305,2
305775001,電子商務實作研習,E,樓永堅,305,3
306008001,資料庫管理,R,周致遠,306,3
308853001,金融科技趨勢與創新,E,王儷玲,308,3
401118001,電視文化研究,P,柯裕棻,401,3
405002021,傳播與社會,R,林怡潔,405,3
405002031,傳播與社會,R,張依萍,405,3
405007011,傳播與當代思潮,R,康庭瑜,405,3
405938001,現代文選,E,林元輝,405,3
504024012,初級俄語語法,R,柯瓊鎣,504,2
504025011,進階俄語：文學,E,江杰翰,504,2
504054002,初級俄語會話,R,瑪詩可娃,504,1
504054012,初級俄語會話,R,薩承科,504,1
504777002,初級波語閱讀訓練,E,羅百德,504,2
504808001,蘇聯及當代俄羅斯,E,趙竹成,504,2
504813001,初級俄語視聽訓練（二）,E,張珮琪,504,2
504827002,捷克文（三）,E,赫萊娜,504,3
504830002,波蘭文（一）,E,貝娜煦,504,3
504834002,捷克文（一）,E,林蒔慧,504,3
504902002,捷語會話（一）,E,赫萊娜,504,3
504927002,波蘭文（二）,E,貝娜煦,504,3
504933001,俄語語音與語調,E,張瑞承,504,2
506023001,日本專題研究Ｂ２：文學,P,高啓豪,506,2
506069001,日本專題研究Ｃ２：歷史文化,P,金想容,506,2
506077001,日本名著選讀Ｂ２：文學,P,高啓豪,506,2
506834001,日本文學史２,E,高啓豪,506,2
507873001,韓國社會與文化,E,朴炳善,507,2
508052002,大一土耳其語,R,李珮玲,508,3
508079002,土耳其語視聽與會話（一）,R,艾睿哲、馬仕強,508,3
509889001,德語系國家現代社會與文化變遷,E,許嘉眙,509,2
509902001,初級德文語練（二）,E,許嘉眙,509,2
509914001,專業德文翻譯,E,徐安妮,509,2
599894011,大學外文（二）：越南文,E,陳凰鳳,5T1,3
599904001,大學外文（四）：韓語,E,羅際任,5T1,3
599916001,大學外文（二）：波蘭文,E,貝娜煦,5T1,3
599947011,大學外文（二）：西班牙文,E,李文康,5T1,3
599948001,大學外文（二）：法文,E,李立林,5T1,3
010916001,進階觀光日語,E,增田高志,506,2
010922002,韓語口說訓練（一）,E,崔峼熲,507,3
010931001,新聞日語,E,楊慧芳,506,2
070250001,歐洲社會與歐盟政經問題,E,盧倩儀,000,3
070266001,X創業家,R,鄭至甫,000,3
070289001,語音學,E,杜容玥,000,3
070306001,布農族語（二）,E,全正文,209,2
070353001,族語教材教法,E,李台元,209,2
070368001,賽夏族語（四）,E,風英輝,209,2
070369001,性別與文學理論入門,E,紀大偉,000,3
070387001,校園內的有感體驗設計,E,林承毅,000,3
070416001,機率與統計,R,詳備註,000,3
070417001,人工智慧倫理,R,蕭乃沂,000,3
070443001,藝術、自我探索與文化溯源,E,劉若瑀,000,3
070445001,臺灣原住民族語言及文化,E,王雅萍、招靜琪,000,2
100714001,數位人文學概論,E,鄭有容,000,3
101850001,報導文學,E,王婉如,101,3
104169121,醫學與哲學：存在主義與存在治療,P,蔡偉鼎,104,3
202002002,中華民國憲法及政府,R,翁燕菁,202,3
203066001,中國大陸研究,R,黃瓊萩,203,3
204008012,社會學理論,R,高國魁,204,4
204051001,新社會思想史,P,高國魁,204,3
207003001,土地政策,R,徐世榮,207,3
208018001,經濟思想史,P,李為楨,208,3
208783001,貧窮經濟學專題,E,王信實,208,3
209601001,博物館實習,E,陳乃華,209,2
209742001,博物館展覽設計與製作,E,潘美璟,209,3
599894001,大學外文（二）：越南文,E,陳凰鳳,5T1,3
599936001,大學外文（四）：日文,E,詹兆雯,5T1,3
599947001,大學外文（二）：西班牙文,E,李文康,5T1,3
599948021,大學外文（二）：法文,E,李立林,5T1,3
599949041,大學外文（二）：德文,E,江世琳,5T1,3
599950021,大學外文（二）：日文,E,詹兆雯,5T1,3
601091001,憲法,P,詹鎮榮,601,3
601136021,行政法（二）,P,吳秦雯,601,2
701001002,微積分,R,曾睿彬,701,4
601157011,刑法（二）,R,黃士軒,601,3
601157021,刑法（二）,R,周漾沂,601,3
601158001,民法債編總論（一）,R,呂彥彬,601,3
601158011,民法債編總論（一）,R,王千維,601,3
601158021,民法債編總論（一）,R,向明恩,601,3
601399001,原住民族行政及法規,E,吳秦雯,601,3
701904001,微分方程應用,E,符聖珍,701,3
702010001,發展心理學,R,黃啟泰,702,3
703014001,數位系統導論,R,廖文宏,703,3
703850001,社群媒體資料分析,E,謝佩璇,703,3
782021001,電子電路學,P,蔡尚岳,000,3
ZU1006001,移民與全球化,P,歐子綺,ZU1,3
ZU1008001,人類世與地緣政治,P,楊智元,ZU1,3
ZU1047001,大數據與社會分析,P,卞中佩,ZU1,3
010054001,刑法（二）,R,洪兆承,601,3
010056032,日語讀本（一）,R,邱麗娟,506,2
010058012,日語讀本（二）,R,馮秋玉,506,2
010069012,英語口語訓練,R,陶韻惠,501,2
010091002,英美文學,R,陳建龍,501,3
010097002,英文作文（二）,R,江介維,501,2
010102032,初級日語,R,林士鈞,506,3
010103082,日語會話（一）,R,馮秋玉,506,2
010107032,日文寫作,R,傅斯榆,506,2
010107052,日文寫作,R,增田高志,506,2
010107062,日文寫作,R,坂井郁子,506,2
010113012,高級日語,E,洪淑娟,506,2
010116001,國際組織,R,楊明敏,203,3
010122012,初級韓國語,R,羅際任,507,3
010126001,韓語語法（２）,R,高胤茹,507,2
010918001,韓國文化理解（二）,E,羅際任,507,2
010923002,高級韓國語,E,羅際任,507,3
070205001,新媒體創作思考,E,吳彥杰,000,3
070225002,中國文學史,E,曾守正,000,3
070244001,營運與供應鏈管理,P,洪叔民,000,3
070252001,歐洲人權公約與司法實踐,E,王士帆,000,3
070299001,族語測驗與評量,E,李台元,209,2
070301001,阿美族語（二）,E,朱清義,209,2
070312001,原住民族行政及法規,E,吳秦雯,209,3
070341001,華人文化與社會,E,鄭又寧,000,3
070388001,台灣文學與歷史記憶,E,羅詩雲,000,3
070438001,比較政府與政治,E,錢宜群,000,3
070439001,四分五裂還是團結一致？歐洲內部與歐盟論述,E,閔思齊,000,3
070440001,人體生物學,E,陳紹寬,000,3
070446001,AI、攝影與文化,E,林庭瑩,000,1
070941001,韓國政治／朝鮮半島政治,E,李明、劉曉鵬,000,1
103027001,近代中國婦女史,P,許慧琦,103,3
104003001,知識論,R,胡志強,104,3
104049001,邏輯,R,陳貴正,104,3
202003002,比較政府與政治,R,楊婉瑩,202,3
202035002,政治哲學概論,R,陳建綱,202,3
202116001,意識型態理論,P,趙翊夫,202,3
202123001,民意與調查,P,蔡佳泓,202,3
203010001,中國外交史,R,陳麒安、黃奎博,203,3
207076001,民法（二）,R,李明芝,207,3
209043002,台灣原住民語言—泰雅語,P,鄭光博,209,2
209050002,台灣原住民語言—賽德克語,P,伊萬納威,209,2
209604001,基礎文物修復理論及實務,E,邵慶旺、陳俞君,209,3
300921001,保險學,E,許永明,308,3
300933002,數理統計學,E,張志浩,000,3
301812001,衍生性金融商品,E,鍾令德,301,3
302037001,國際金融,R,林建秀,302,3
304028011,時間數列分析,P,戴以誠,304,3
306048011,管理科學,R,周彥君、莊皓鈞,306,3
306050011,程式設計二,R,蕭舜文,306,2
405002001,傳播與社會,R,方念萱,405,3
405002011,傳播與社會,R,游絲涵,405,3
405908001,資訊圖表與視覺化,E,李怡志,405,3
405950001,基礎創意寫作,E,何昕明,405,3
501009002,英語語言學概論,R,徐嘉慧,501,3
501011011,文學作品讀法,R,邱彥彬,501,3
501047001,翻譯專題：新聞英文翻譯,R,陳國華,501,3
501814001,文學與電影,E,羅狼仁,501,3
504012001,俄國文學史,P,鄢定嘉,504,3
504032002,中級俄語語法,R,吳佳靜,504,2
504032012,中級俄語語法,R,張珮琪,504,2
504053001,進階俄語視聽訓練（二）,P,鄢定嘉,504,2
504055002,中級俄語會話,R,薩承科,504,2
504055012,中級俄語會話,R,瑪詩可娃,504,2
504782001,俄羅斯飲食文化,E,吳佳靜,504,2
504831002,捷克文（二）,E,林蒔慧,504,3
504838002,俄語（一）,E,吳佳靜,504,3
504839002,俄語（二）,E,江杰翰,504,3
504901002,捷語會話（二）,E,赫萊娜,504,3
504910002,波語會話（一）,E,羅百德,504,3
504919002,波蘭文（三）,E,貝娜煦,504,3
506005002,初級日語,R,葉秉杰,506,4
506021001,日本專題研究Ａ２：語言,P,黑﨑貴史,506,2
506076001,日本名著選讀Ａ２：語言,P,喬曉筠,506,2
506842001,日本近現代大眾文化史,E,金想容,506,2
507892001,北韓研究,E,朱立熙,507,2
508079012,土耳其語視聽與會話（一）,R,艾睿哲、馬仕強,508,3
508084002,土耳其語翻譯,R,曾蘭雅,508,2
509878001,法國當代戲劇文本與劇場實務,E,黃馨逸,509,2
509887001,專業法文檢定訓練（B2）,E,薛芬妮,509,2
509900001,德語語言學入門,E,許嘉眙,509,2
509913001,專業法文翻譯,E,李允安,509,2
509932001,歐洲社會與歐盟政經問題,E,盧倩儀,509,3
599886001,大學外文（四）：德文,E,許嘉眙,5T1,3
599939001,大學外文（四）：西班牙文,E,馬德睿,5T1,3
599792001,大學外文（二）：俄語,E,吳佳靜,5T1,3
599902021,大學外文（二）：韓語,E,羅際任,5T1,3
599918001,大學外文（二）：捷克文,E,林蒔慧,5T1,3
599948041,大學外文（二）：法文,E,羅清菁,5T1,3
599949001,大學外文（二）：德文,E,江世琳,5T1,3
599950001,大學外文（二）：日文,E,詹兆雯,5T1,3
601091021,憲法,P,張桐銳,601,3
601102001,身分法,P,劉宏恩,601,3
601136001,行政法（二）,P,陳靜慧,601,2
701007001,統計學,R,邱普照,701,3
701013001,數值分析,R,郭岳承,701,3
601304001,刑事證據法專題研究（二）,E,楊雲驊、簡士淳,601,2
601305001,國際智慧財產權法專題研究（四）,E,陳龍昇、謝祥揚,601,2
601376001,AI與治理,E,陳柏良,601,3
601436001,公益服務法律實習－共好文山計畫（五）,E,陳志輝,601,2
701002002,線性代數,R,班榮超,701,3
701777001,財務數學,E,劉明郎,701,3
782022001,電磁學（二）,R,許琇娟,000,3
900933001,藝術與科技教育,E,曾正男,000,2
ZU1046001,AI與治理,P,陳柏良,ZU1,3
002009001,體育[男女合班]—適應體育,RPE,陳志威,B00,1
002035001,體育[男]—重量訓練,RPE,陳子威,B00,1
002062041,體育[女]—羽球初級,RPE,陳志威,B00,1
002071021,體育[女]—籃球初級,RPE,葉良志,B00,1
002076011,體育[女]—游泳初級,RPE,李惠婷,B00,1
002097021,體育[女]—排球初級,RPE,嚴雅婷,B00,1
002112011,體育[女]—女體適能,RPE,林文乙,B00,1
002341001,體育[男女合班]—彼拉提斯墊上技巧,RPE,呂潔如,B00,1
002342001,體育[男女合班]—高低衝擊有氧初級,RPE,王偉帆,B00,1
002355001,體育[男女合班]—武術中級,RPE,張仲豪,B00,1
002362001,體育[男女合班]—瑜珈初級,RPE,賴芳貞,B00,1
002363001,體育[男女合班]—爵士舞初級,RPE,林維芬,B00,1
002366021,體育[男女合班]—羽球初級,RPE,陳志威,B00,1
002366071,體育[男女合班]—羽球初級,RPE,陳志威,B00,1
002377001,體育[男女合班]—綜合體能訓練,RPE,吳家慶,B00,1
002380021,體育[男女合班]—民俗體育,RPE,黃景達,B00,1
002381011,體育[男女合班]—匹克球初級,RPE,張凱隆,B00,1
002387001,體育[男女合班]—游泳初級,RPE,李惠婷,B00,1
002388001,體育[男女合班]—越野路跑,RPE,洪鈺釗,B00,1
003830101,全民國防教育軍事訓練—國防科技,CD,馮永志,203,2
002021021,體育[男]—籃球初級,RPE,葉良志,B00,1
002051001,體育[男]—羽球中級,RPE,陳志威,B00,1
002071011,體育[女]—籃球初級,RPE,葉良志,B00,1
002097031,體育[女]—排球初級,RPE,嚴雅婷,B00,1
002112001,體育[女]—女體適能,RPE,林文乙,B00,1
002301001,體育[男女合班]—網球初級,RPE,杜錦豊,B00,1
002301041,體育[男女合班]—網球初級,RPE,張凱隆,B00,1
002303071,體育[男女合班]—桌球初級,RPE,謝明輝,B00,1
002303081,體育[男女合班]—桌球初級,RPE,謝明輝,B00,1
002305021,體育[男女合班]—慢速壘球初級,RPE,温良財,B00,1
002316001,體育[男女合班]—國際標準舞初級,RPE,曾建嘉,B00,1
002328001,體育[男女合班]—足球中級,RPE,林貴彬,B00,1
002343001,體育[男女合班]—橄欖球初級,RPE,林文乙,B00,1
002348011,體育[男女合班]—跆拳道與防身術初級,RPE,柯玉貞,B00,1
002361021,體育[男女合班]—籃球初級,RPE,陳子威,B00,1
002012021,體育[男]—羽球初級,RPE,黃郁琦,B00,1
002021011,體育[男]—籃球初級,RPE,葉良志,B00,1
002062011,體育[女]—羽球初級,RPE,黃郁琦,B00,1
002062031,體育[女]—羽球初級,RPE,楊瑞珠,B00,1
002301021,體育[男女合班]—網球初級,RPE,張凱隆,B00,1
002303021,體育[男女合班]—桌球初級,RPE,朱昌勇,B00,1
002303061,體育[男女合班]—桌球初級,RPE,謝明輝,B00,1
002311011,體育[男女合班]—足球初級,RPE,林貴彬,B00,1
002311041,體育[男女合班]—足球初級,RPE,林貴彬,B00,1
002316011,體育[男女合班]—國際標準舞初級,RPE,曾建嘉,B00,1
002325011,體育[男女合班]—排球中級,RPE,張峻豪,B00,1
002327011,體育[男女合班]—排球初級,RPE,張峻豪,B00,1
002335001,體育[男女合班]—桌球中級,RPE,謝明輝,B00,1
002335021,體育[男女合班]—桌球中級,RPE,朱昌勇,B00,1
002339011,體育[男女合班]—木球初級,RPE,王思宜,B00,1
002339031,體育[男女合班]—木球初級,RPE,王思宜,B00,1
002340011,體育[男女合班]—網球中級,RPE,張凱隆,B00,1
002340021,體育[男女合班]—網球中級,RPE,杜錦豊,B00,1
002343011,體育[男女合班]—橄欖球初級,RPE,林文乙,B00,1
002347001,體育[男女合班]—健走,RPE,洪鈺釗,B00,1
002348001,體育[男女合班]—跆拳道與防身術初級,RPE,柯玉貞,B00,1
002350001,體育[男女合班]—武術初級,RPE,張仲豪,B00,1
002350011,體育[男女合班]—武術初級,RPE,張仲豪,B00,1
002366001,體育[男女合班]—羽球初級,RPE,楊瑞珠,B00,1
002366041,體育[男女合班]—羽球初級,RPE,楊瑞珠,B00,1
002367001,體育[男女合班]—慢速壘球中級,RPE,王清欉,B00,1
002368011,體育[男女合班]—定向越野,RPE,莊珮琪,B00,1
002373001,體育[男女合班]—田徑,RPE,洪鈺釗,B00,1
002373011,體育[男女合班]—田徑,RPE,洪鈺釗,B00,1
002378001,體育[男女合班]—五人制足球,RPE,林貴彬,B00,1
002380011,體育[男女合班]—民俗體育,RPE,黃景達,B00,1
002382001,體育[男女合班]—有氧運動,RPE,王偉帆,B00,1
002383001,體育[男女合班]—羽球高級,RPE,陳志威,B00,1
002387011,體育[男女合班]—游泳初級,RPE,吳浚鋒,B00,1
003826101,全民國防教育軍事訓練—國際情勢,CD,陳麒安,203,2
003828101,全民國防教育軍事訓練—全民國防,CD,董慧明,203,2
003829101,全民國防教育軍事訓練—防衛動員,CD,馮永志,203,2
003830111,全民國防教育軍事訓練—國防科技,CD,姚宏旻,203,2
002338001,體育[男女合班]—游泳中級,RPE,李惠婷,B00,1
002339041,體育[男女合班]—木球初級,RPE,王思宜,B00,1
002008011,體育[男女合班]—健康體適能,RPE,陳志威,B00,1
002012011,體育[男]—羽球初級,RPE,黃郁琦,B00,1
002043011,體育[男]—游泳初級,RPE,吳浚鋒,B00,1
002065021,體育[女]—桌球初級,RPE,朱昌勇,B00,1
002097011,體育[女]—排球初級,RPE,嚴雅婷,B00,1
002113011,體育[女]—籃球中級,RPE,陳子威,B00,1
002115001,體育[女]—羽球中級,RPE,陳志威,B00,1
002151001,體育[女]—排球中級,RPE,嚴雅婷,B00,1
002301031,體育[男女合班]—網球初級,RPE,張凱隆,B00,1
002303011,體育[男女合班]—桌球初級,RPE,朱昌勇,B00,1
002303041,體育[男女合班]—桌球初級,RPE,謝明輝,B00,1
002305011,體育[男女合班]—慢速壘球初級,RPE,王清欉,B00,1
002305031,體育[男女合班]—慢速壘球初級,RPE,王清欉,B00,1
002311021,體育[男女合班]—足球初級,RPE,林貴彬,B00,1
002311031,體育[男女合班]—足球初級,RPE,林貴彬,B00,1
002312001,體育[男]—男體適能,RPE,林文乙,B00,1
002329001,體育[男]—籃球中級,RPE,陳子威,B00,1
002335011,體育[男女合班]—桌球中級,RPE,朱昌勇,B00,1
002337001,體育[男女合班]—羽球中級,RPE,楊瑞珠,B00,1
002337011,體育[男女合班]—羽球中級,RPE,楊瑞珠,B00,1
002339001,體育[男女合班]—木球初級,RPE,王思宜,B00,1
002346001,體育[男女合班]—鐵人三項初級,RPE,吳家慶,B00,1
002347021,體育[男女合班]—健走,RPE,洪鈺釗,B00,1
002361011,體育[男女合班]—籃球初級,RPE,陳子威,B00,1
002362011,體育[男女合班]—瑜珈初級,RPE,賴芳貞,B00,1
002366011,體育[男女合班]—羽球初級,RPE,楊瑞珠,B00,1
002368001,體育[男女合班]—定向越野,RPE,莊珮琪,B00,1
002368021,體育[男女合班]—定向越野,RPE,莊珮琪,B00,1
002369001,體育[男女合班]—現代舞初級,RPE,林維芬,B00,1
002374001,體育[男女合班]—田徑運動入門,RPE,洪鈺釗,B00,1
002374011,體育[男女合班]—田徑運動入門,RPE,洪鈺釗,B00,1
002380001,體育[男女合班]—民俗體育,RPE,黃景達,B00,1
002381001,體育[男女合班]—匹克球初級,RPE,張凱隆,B00,1
002384001,體育[男女合班]—桌球高級,RPE,謝明輝,B00,1
002387021,體育[男女合班]—游泳初級,RPE,吳浚鋒,B00,1
003827101,全民國防教育軍事訓練—國防政策,CD,郁瑞麟,203,2
002327001,體育[男女合班]—排球初級,RPE,吳高讚,B00,1
002378011,體育[男女合班]—五人制足球,RPE,林貴彬,B00,1
002386001,體育[男女合班]—游泳初級（捷泳）,RPE,吳浚鋒,B00,1
002390011,體育[男女合班]—活力有氧初級,RPE,王偉帆,B00,1
002888001,體育[男女合班]—羽球實務（選修）,EPE,陳志威,B00,2
002334001,體育[男女合班]—排球高級,RPE,吳高讚,B00,1
002390001,體育[男女合班]—活力有氧初級,RPE,王偉帆,B00,1
002060001,體育[男]—游泳初級（捷泳）,RPE,吳浚鋒,B00,1
002065011,體育[女]—桌球初級,RPE,朱昌勇,B00,1
002303051,體育[男女合班]—桌球初級,RPE,謝明輝,B00,1
002362021,體育[男女合班]—瑜珈初級,RPE,賴芳貞,B00,1
002371001,體育[男女合班]—國際標準舞初級（恰恰、探戈）,RPE,曾建嘉,B00,1
002371011,體育[男女合班]—國際標準舞初級（恰恰、探戈）,RPE,曾建嘉,B00,1
103233001,日本史,P,廖敏淑,103,3
103263001,台灣、東亞與世界文明（三）,R,周一騰,103,3
103264011,歷史思惟與方法,R,陳致宏,103,3
103274001,歷史之終結概念專題,P,雷恩‧侯洛伊德,103,3
103277001,史學多元實踐,R,金仕起,103,3
104002001,形上學,R,羅麗君,104,3
104761001,實踐哲學導論,E,林淑芬,104,2
100716001,劇本寫作與AI協作,E,吳彥杰,000,1
101002011,聲韻學,R,宋韻珊,101,3
101003001,訓詁學,R,鄭雯馨,101,3
101003011,訓詁學,R,古育安,101,3
101005021,中國思想史,R,陳睿宏,101,3
101008001,中國文學史,R,曾守正,101,3
101025001,國學導讀,R,車行健,101,3
101699001,中國戲曲發展史,E,蔡欣欣,101,3
101776001,古文字與古代史,E,林宏明,101,3
101787001,華語文心理,E,洪燕梅,101,3
103046001,台灣近代經濟史,P,李為楨,103,3
103232001,南亞史,P,雷恩‧侯洛伊德,103,3
103272001,基督宗教與近、現代東亞世界專題,P,吳欣芳,103,3
103273001,史學方法論,P,楊瑞松,103,3
103275001,史學經典與史料,P,侯家榆,103,2
103276001,應用史學,P,林蕙安,103,2
103M01001,編輯的故事與故事的編輯,E,金仕起,103,0
104006001,中國哲學史（一）,R,馬愷之,104,3
104011011,道家哲學,P,詹康,104,3
104119121,倫理學史,P,劉若韶,104,3
104223001,批判理論與數位時代,P,林遠澤,104,3
100713001,傳統精緻藝術再創新—故宮博物院專案實作,E,吳彥杰,000,3
100836001,歷史思惟與方法,E,陳致宏,000,3
101001001,文字學,R,黃庭頎,101,3
101001011,文字學,R,林宏明,101,3
101005011,中國思想史,R,陳睿宏,101,3
101008011,中國文學史,R,侯雅文,101,3
101025011,國學導讀,R,鄭雯馨,101,3
101051011,中國現代小說選讀,P,張惠珍,101,3
101072001,紅樓夢,P,廖棟樑,101,3
101695001,漢語語法,E,吳瑞文,101,3
101777001,中國近現代學人的情理世界,E,周志煌,101,3
103088001,唐宋元繪畫史,P,劉宇珍,103,3
103193001,美術與近代中國專題,P,劉宇珍,103,3
103240001,中華人民共和國史,P,李福鐘,103,3
103261001,台灣、東亞與世界文明（一）,R,藍適齊,103,3
103264001,歷史思惟與方法,R,陳致宏,103,3
103409001,美國史（一）,P,周一騰,103,2
104007001,西洋哲學史（一）,R,張國賢,104,3
104220001,中國哲學發展的詮釋傳統,P,吳啟超,104,3
104221001,生活世界現象學,P,羅麗君,104,3
104731001,敘事的理論,E,汪文聖,104,3
100836011,歷史思惟與方法,E,陳致宏,000,3
101002001,聲韻學,R,呂昭明,101,3
101035001,老子,P,蕭裕民,101,3
101852001,世說新語,E,蕭裕民,101,3
100837001,歷史閱讀與書寫,E,陳秀芬,000,3
101005012,中國思想史,R,陳睿宏,101,3
101016001,詩經,P,車行健,101,3
101023001,大陸當代小說選讀,P,張惠珍,101,3
101033011,歷代文選及習作,R,古育安,101,3
101034001,學庸,P,劉柏宏,101,3
101041001,兩漢經學,P,鄭雯馨,101,3
101045001,清代學術思想,P,黃庭頎,101,3
101067011,詞選,R,陳英傑,101,3
101067021,詞選,R,侯雅文,101,3
101779001,神話、圖像與心靈專題,E,高莉芬,101,3
101780001,文學與文化評論,E,陳碩文,101,3
101797001,杜甫詩,E,廖棟樑,101,3
101811001,類型電影研究,E,聞天祥,101,3
103266001,東亞佛教文化史,P,林佩瑩,103,3
103278001,台灣史檔案研讀與應用,P,黃仁姿,103,3
103279001,歐洲近代思想史（1750至今）,P,吳孟軒,103,3
104065121,心靈哲學,P,謝昭銳,104,3
104082001,西洋哲學史（二）,R,張國賢,104,3
104226001,現象學研究方法論：經驗現象學,P,李維倫,104,3
104730001,敘事的實務,E,汪文聖,104,3
100802001,邏輯,E,陳貴正,000,3
100826001,新媒體創作思考,E,吳彥杰,000,3
101008012,中國文學史,R,侯雅文,101,3
101011001,文學概論,P,鄭文惠,101,3
101029001,中國現代散文選讀,P,王婉如,101,3
101044001,宋明理學,P,田富美,101,3
101055001,文心雕龍,P,陳英傑,101,3
101062001,臺灣文學史,P,黃美娥,101,3
101065011,詩選,R,陳成文,101,3
101065021,詩選,R,陳成文,101,3
101066001,語言學概論,P,宋韻珊,101,3
101698001,文獻學,E,林桂如,101,3
101789001,港澳文學選讀,E,張堂錡,101,3
101841001,現當代文藝思潮,E,周志煌,101,3
101856001,電影文學,E,洪燕梅,101,3
103118001,中國社會史,P,王德權,103,3
103131001,憲政史專題,P,薛化元,103,3
103157001,西洋史學名著選讀專題,P,楊瑞松,103,3
103200001,中世紀基督宗教史,P,崔國瑜,103,3
103246001,近現代歷史中的人群移動專題,P,藍適齊,103,3
103265001,歷史閱讀與書寫,R,陳秀芬,103,3
103280001,早期近代英國史（都鐸王朝）,P,周怡齡,103,3
103410001,美國史（二）,P,周一騰,103,2
104018001,中國哲學史（二）,R,吳啟超,104,3
104088111,法家哲學,P,詹康,104,3
104224001,論語,P,馬愷之,104,3
104770001,鄂蘭哲學導論,E,林淑芬,104,2
101005022,中國思想史,R,陳睿宏,101,3
101008002,中國文學史,R,曾守正,101,3
101033001,歷代文選及習作,R,高振宏,101,3
101038001,韓非子,P,古育安,101,3
101057001,文法學,P,呂昭明,101,3
101069001,曲選,R,侯雲舒,101,3
101069011,曲選,R,侯雲舒,101,3
101879001,書法,E,黃庭頎,101,3
103260001,史蹟與文化資產專題,P,黃仁姿,103,3
103262001,台灣、東亞與世界文明（二）,R,金仕起,103,3
103415001,德國史（一）,P,陳致宏,103,3
103M02001,歷史與策展實務,E,金仕起,103,0
104119122,倫理學史,P,馬愷之,104,3
104225001,列維納斯現象學,P,羅麗君,104,3
104227001,他心：他人與動物,P,陳貴正,104,3
202100001,中國大陸政府與政治,P,寇健文,202,3
202104001,選舉與投票行為,P,俞振華,202,3
202135001,中國政治思想典籍導讀,P,張其賢,202,3
202819001,國際環境與能源專題,E,李栢浡,202,3
202829001,多元文化與移民政治,E,錢宜群,202,3
202913001,美國政府與政治,E,黃于萱,202,3
204022001,社會階層,P,張峯彬,204,3
204046001,社會統計（二）,R,陳信木,204,4
204764001,語言與社會,E,劉叡穎,204,3
204775001,社會互動專題,E,劉叡穎,204,3
204842001,應用社會學,E,胡力中、陳信木,204,3
204856001,現代視覺藝術與社會,E,洪儀真,204,3
205007001,財產稅理論與制度,R,賴育邦,205,3
205008001,所得稅理論與制度,R,鍾騏,205,3
205021001,財務行政,R,何怡澄,205,3
205062011,租稅法（一）,R,徐麗振,205,3
205064001,微積分（一）,R,吳文傑,205,3
205065001,統計學（一）,R,羅光達,205,3
205841001,中國稅務與商務,E,徐曉婷,205,3
205855001,循環商業模式,E,林其昂,205,3
205867001,審計學,E,王勇勝,205,3
205909001,醫療經濟學,E,連賢明,205,3
206005001,行政法,R,莊國榮,206,2
206066001,公務倫理,R,蘇偉業,206,2
206782001,兩岸公共政策比較研究,E,王慧敏,206,3
206787001,認識災害管理與風險治理,E,張鎧如,206,3
206791001,風險評估與危機管理,E,董祥開,206,3
207009021,都市計畫,R,孫振義、鄭安廷,207,3
207029001,規劃實務（二）,R,胡兆基、賴宗裕、蘇許輝,207,4
207044001,規劃實務（一）,R,蔡育新、蔡聰琪、鄭安廷,207,4
207054001,大地測量學,R,施亘昶,207,3
207056001,地圖學,R,范噶色,207,3
207103001,都市計畫法規,R,李明芝,207,2
207726001,住宅研究與資料科學,E,江穎慧,207,3
207731001,空間基本設計,E,潘一如,207,2
207761001,土地重劃,E,丁秀吟,207,3
207786001,不動產財務分析,E,林左裕,207,3
207792001,數值製圖,E,邱式鴻,207,3
207854001,土地稅,E,林子欽、戴秀雄,207,3
207938001,建築學概論,E,孫振義,207,2
208019011,計量經濟學（一）,P,廖仁哲,208,3
208021011,國際金融,P,賴廷緯,208,3
208026001,勞動經濟學,P,黃柏鈞,208,3
208764001,金融，理財與生活,E,方中柔,208,3
208769001,跨境數位貿易,E,史蘭亭,208,3
209022001,民族政策,R,官大偉,209,3
209057001,滿語,P,林士鉉,209,2
209060001,維吾爾語,P,張中復,209,2
209061001,民族宗教,P,吳考甯,209,3
209070001,中國民族史（I）,R,張中復,209,3
209101001,蒙古語：息利爾蒙文,P,藍美華,209,2
209730001,聲音人類學,E,吳榮順,209,3
202806001,比較民主化,E,黃于萱,202,3
202839001,選舉文宣企劃,E,吳秀瓊,202,3
204007001,社會研究方法,R,胡力中,204,4
204757001,愛情社會學,E,高國魁,204,3
204776001,生命歷程研究導論,E,陳人豪,204,3
204796001,科技與當代社會,E,楊智元,204,3
204800001,從媒介文化到漫畫,E,李衣雲,204,2
204858001,反身社會學經典研讀：Garfinkel俗民方法學,E,黃厚銘,204,3
204881001,視覺文化研究,E,洪儀真,204,3
205839001,永續發展商業模式：選擇、實施與最佳案例分析,E,蔡文宜,205,3
205840001,跨國企業國際稅收管理,E,曾博昇,205,3
205915001,能源經濟管理導論,E,周麗芳,205,3
206015011,比較行政,R,蘇偉業,206,2
206052001,行政統計學,R,蕭乃沂,206,3
206061001,第三部門,R,王慧敏,206,3
206077001,公共政策新興議題,R,廖興中,206,1
206793001,思辨：當代社會議題,E,謝文琪,206,3
207020001,不動產概論,R,江穎慧,207,3
207074001,測量學及實習,R,甯方璽,207,4
207078001,航空攝影測量學及實習,R,林士淵,207,3
207099001,測量平差法（二）,R,邱式鴻,207,2
207746001,不動產個案分析,E,朱芳妮,207,3
207809001,資料庫應用,E,詹進發,207,3
207872001,日本都市計畫與都市設計實務,E,白仁德,207,1
207886001,不動產估價實務研習,E,郭國任、陳奉瑤,207,3
207933001,海洋測量,E,甯方璽,207,3
207959001,規劃實務（一）實習,R,鄭安廷,207,0
208020001,國際貿易,P,翁永和,208,3
208021001,國際金融,P,梁斐琪,208,3
208024001,產業經濟學（一）,P,廖郁萍,208,3
209029001,台灣民族誌,R,陳怡萱,209,3
209055001,民族語言學概論,R,劉子愷,209,3
209058001,藏語,P,黃奕彥,209,2
202103001,經驗政治理論,P,戴士展,202,3
202128001,計量分析軟體在社會科學的應用,P,蕭怡靖,202,3
202133001,西洋政治思想典籍導讀,P,趙翊夫,202,3
202815001,公共演說,E,董國猷,202,3
202842001,政治學實習,E,蔡中民,202,3
202838001,國際人權法,E,翁燕菁,202,3
209072001,專題實作,R,藍美華,209,2
209645001,語言、文化與數位媒體,E,劉子愷,209,3
204044001,區域研究,P,陳人豪,204,3
204777001,台灣礦業與社會,E,苗延威,204,3
204783001,蓋婭政治與戰時生態學,E,彭保羅,204,3
204840001,全球衛生治理,E,杜文苓、劉汗曦,204,3
205009001,消費稅理論與制度,R,羅光達,205,3
205017001,貨幣銀行學,R,朱琇妍,205,3
205061001,經濟數學（一）,R,傅健豪,205,3
205062001,租稅法（一）,R,陳國樑,205,3
205064011,微積分（一）,R,翁堃嵐,205,3
205847001,國際租稅法,E,鍾騏,205,3
205849001,循環經濟和永續發展,E,林其昂,205,3
205858001,稅務個案實習,E,林志翔,205,3
205868001,國際租稅問題,E,陳香梅,205,3
205871001,所得稅問題,E,周德宇,205,3
205873001,成本效益分析,E,黃勢璋,205,3
205890001,證券管理,E,施惠敏,205,3
206033001,公共政策,R,王慧敏,206,2
206048001,政府預算與財政,R,蔡馨芳,206,3
206050001,行政學,R,廖興中,206,2
206070001,研究設計與方法,R,謝文琪,206,3
206783001,全球衛生治理,E,杜文苓、劉汗曦,206,3
206789001,人工智慧治理,E,曾憲立,206,2
207009001,都市計畫,R,孫振義、鄭安廷,207,3
207038001,公共設施計畫,R,胡兆基,207,2
207071001,都市土地使用計畫,R,賴宗裕,207,2
207730001,國土計畫概論,E,白仁德、官大偉、鄭安廷、賴宗裕、戴秀雄,207,2
207737001,都市更新與容積代金估價實務,E,張能政、陳奉瑤、鐘少佑,207,3
207742001,國際間財產利用,E,游適銘,207,2
207751001,空間決策,E,范噶色,207,3
207770001,物件導向程式設計,E,詹進發,207,3
207823001,都市經濟學,E,劉小蘭,207,2
207928001,都市設計,E,孫振義、鄭安廷,207,2
207957001,規劃實務（二）實習,R,賴宗裕,207,0
208027001,環境經濟學,P,李慧琳,208,3
208855001,賽局理論入門（一）,E,何靜嫺,208,3
207883001,敷地計畫,E,孫振義,207,2
208020011,國際貿易,P,李慧琳,208,3
208028001,經濟數學（一）,P,李浩仲,208,3
208764002,金融，理財與生活,E,方中柔,208,3
209057002,滿語,P,林士鉉,209,2
209592001,中亞專題研究,E,艾彌拉,209,3
209598001,內陸歐亞概論,E,藍美華,209,2
209608001,藏學人類學,E,陳乃華,209,3
209910001,中國民族關係,E,趙竹成,209,2
202004001,拉丁美洲政府與政治,P,蘇彥斌,202,3
202101001,政黨政治,P,蘇彥斌,202,3
202132001,西洋政治思想史,P,周家瑜,202,3
202810001,中西政治思想主要課題,E,張其賢,202,3
204045001,社會統計（一）,R,陳信木,204,4
204047001,社會研究方法（一）,R,邱炫元,204,4
204676001,資訊社會學,E,黃厚銘,204,3
204803001,AI與治理,E,陳柏良,204,3
204885001,藝術社會學,E,洪儀真,204,3
205063011,租稅法（二）,R,陳國樑,205,3
205066001,統計學（二）,R,胡偉民,205,3
205848001,微積分（二）,E,吳文傑,205,3
205857001,貿易理論與關稅政策,E,謝鈴媛,205,3
206062001,政策分析,R,張鎧如,206,2
206075001,組織理論與管理,R,董祥開,206,3
206078001,公共行政新興議題,R,張鎧如,206,1
206784001,政策爭議實務分析與公共溝通,E,施佳良,206,2
207047001,計算機程式設計,R,孫子龍,207,3
207061001,都市交通運輸計畫,R,白仁德,207,2
207075001,地籍測量及實習,R,邱式鴻,207,3
207079001,不動產投資與市場分析,R,林左裕,207,3
207091001,衛星定位測量,R,甯方璽,207,3
207098001,測量平差法（一）,R,邱式鴻,207,3
207724001,氣候變遷與環境規劃,E,胡兆基,207,3
207728001,縣市成長管理計畫,E,賴宗裕,207,2
207735001,不動產估價個案研習,E,張能政、郭國任、鐘少佑,207,3
207743001,國際間財產評價,E,游適銘,207,2
207888001,不動產資料處理,E,江穎慧,207,3
207889001,不動產估價實務,E,陳奉瑤,207,3
207957002,規劃實務（二）實習,R,白仁德,207,0
207959002,規劃實務（一）實習,R,鄭安廷,207,0
208022001,計量經濟學（二）,P,徐士勛,208,3
209067001,中國民族誌,R,趙竹成,209,3
209101002,蒙古語：息利爾蒙文,P,藍美華,209,2
202005001,公共政策,P,湯京平,202,3
202008001,政治學方法論,R,黃于萱,202,3
202022001,統計學,R,蕭怡靖,202,3
202025001,自由、人權與市民社會,P,陳建綱,202,3
202124001,兩岸關係概論,P,冷則剛,202,3
202131001,中國政治思想史,P,張其賢,202,3
202804001,實證研究與政經分析的台日比較,E,蔡中民,202,3
202807001,全球議題：對外援助與發展,E,李栢浡,202,3
202812001,政治學英文名著選讀,E,董國猷,202,3
202828001,台日地方創生與社區營造的深度對話：地域設計在地培力跨國實踐,E,湯京平,202,3
204007002,社會研究方法,R,張峯彬,204,4
204049001,人口、家庭與空間研究,P,陳信木,204,3
204770001,宗教社會學,E,邱炫元,204,3
204811001,個人網絡,E,陳人豪,204,3
204923001,就業安全與法制,E,成之約,204,2
205007011,財產稅理論與制度,R,傅健豪,205,3
205063001,租稅法（二）,R,徐麗振,205,3
205917001,地方財政,E,傅健豪,205,3
206057001,科技與政府,R,朱斌妤,206,3
206079001,公共人力資源管理,R,傅凱若,206,3
206080001,全球公共事務治理,R,杜文苓,206,3
206800001,計畫評估,E,董祥開,206,3
206814001,專案管理,E,廖洲棚,206,2
207008001,土地行政,R,陳立夫,207,3
207044002,規劃實務（一）,R,蔡育新、蔡聰琪、鄭安廷,207,4
207074011,測量學及實習,R,甯方璽,207,3
207086001,地理資訊科學,R,林士淵,207,3
207087001,電腦繪圖與地理資訊系統,R,林士淵,207,2
207097001,不動產經營管理,R,朱芳妮,207,3
207736001,不動產估價技術研析,E,張能政、郭國任、鐘少佑,207,3
207741001,應用AI於城市永續生態設計,E,陳楊文,207,3
207744001,以歷史的角度看地表變遷,E,陳奕穎,207,2
207747001,電腦繪圖,E,范噶色,207,3
207811001,影像處理,E,詹進發,207,3
207835001,不動產經濟分析,E,朱芳妮,207,3
207906001,不動產法定及爭訟估價,E,林子欽,207,3
208025001,產業經濟學（二）,P,何靜嫺,208,3
208760001,國際金融議題研析,E,蕭明福,208,2
208774001,資料分析與R語言,E,廖仁哲,208,3
208799001,總體經濟分析,E,洪福聲、謝衣鳯,208,2
208853001,賽局理論入門（二）,E,何靜嫺,208,3
209016001,民族問題,P,藍美華,209,3
209058002,藏語,P,黃奕彥,209,2
209060002,維吾爾語,P,張中復,209,2
209068001,世界民族誌,R,黃季平,209,3
209071001,中國民族史（II）,R,張中復、陳乃華,209,2
209615001,民族發展專題：原住民生態知識與自然資源管理,E,蕭惠中,209,3
209628001,進階田野課程：地景分析與原住民考古,E,官大偉,209,3
202120001,歐陸政府與政治,P,翁燕菁,202,3
202844001,政治公共關係,E,吳秀瓊,202,3
202916001,東南亞政府與政治,E,孫采薇,202,3
202919001,非洲政府與政治,E,嚴震生,202,3
204050001,進階質性研究方法,P,劉叡穎,204,3
204762001,科技社會與爭議,E,楊智元,204,3
204766001,族群關係,E,馮垂華,204,3
204839001,反身社會學經典研讀：布赫迪厄,E,黃厚銘,204,3
205016001,現代財政理論,R,賴育邦,205,3
205853001,租稅個案實習,E,鍾騏,205,3
205872001,公共選擇理論,E,王智賢,205,3
205907001,稅務會計,E,金志遠,205,3
206005002,行政法,R,彭睿仁,206,2
206050002,行政學,R,廖興中,206,2
206053001,中華民國憲法,R,張志偉,206,2
206785001,公共管理及永續發展,E,謝文琪,206,3
206786001,永續社群發展與管理,E,謝文琪,206,3
206834001,機構實習,E,黃東益,206,3
207029002,規劃實務（二）,R,方定安、白仁德、賴宗裕,207,4
207092001,遙感探測,R,林士淵,207,3
207093001,空間資料模型,R,范噶色,207,3
207722001,空間資料應用於環境變遷偵測,E,連紫猗,207,3
207729001,縣市國土計畫,E,白仁德、官大偉、鄭安廷、賴宗裕、戴秀雄,207,2
207732001,土地、環境與法律,E,李明芝、傅玲靜,207,2
207745001,國土規劃,E,鄭安廷,207,3
207757001,不動產建築管理與法律,E,戴秀雄,207,2
207867001,景觀設計,E,孫振義,207,3
207903001,貨幣銀行,E,林左裕,207,3
207941001,都市更新,E,丁秀吟,207,3
207M03001,貨幣銀行與金融市場,E,林左裕,207,0
208770001,創新管理與數位轉型,E,史蘭亭,208,3
209066001,民族地理,P,陳怡萱,209,3
209073001,公共人類學,P,高雅寧,209,3
209597001,人類學與障礙研究,E,劉子愷,209,3
209648001,地方創生與青年創業實驗室,E,王雅萍,209,3
300734001,數位創新沙龍,E,張欣綠,000,2
300746001,商用進階口語實務,E,沈琪,000,3
300746021,商用進階口語實務,E,楊健威,000,3
300750011,商用寫作與口語訓練（一）,E,鄺慧琪,000,3
300785001,服務學習專業課程－指南服務團－社會服務與學習（一）,E,王正偉,000,1
300907021,個體經濟學,E,潘振宇,000,3
301034001,國際財務管理,P,徐政義,301,3
301040001,國際經貿法,P,施文真,301,3
301048001,數據化投資分析,P,鍾令德,301,3
301049001,國際金融,P,郭炳伸,301,3
301778001,網路貿易模擬,E,陳富沛、蘇秋錦,301,3
301779001,菁英商務英語: 團隊領導與商務社交技巧,E,古如君,301,2
301806001,新創事業發展,E,何乾瑋,301,3
302034001,貨幣銀行學,R,趙世偉,302,3
302784001,ESG／永續金融：責任投資，綠色融資與綠色保險,E,楊曉文,302,3
303042001,會計資訊系統（一）,R,游柏祥,303,3
303042011,會計資訊系統（一）,R,游柏祥,303,3
303043001,電腦審計,R,柯志賢,303,1
303830001,商業資料分析基礎：Python （一）,E,俞京和,303,3
303854001,全球化趨勢下之會計專業新視界,E,陳俊光,303,3
305021001,組織行為,R,黃家齊,305,3
305052011,營運與供應鏈管理,R,侯佩妤,305,3
305670001,管理經濟學（一）,E,王國樑,305,3
305740001,激勵與領導,E,許育瑋,305,3
306016001,資訊系統專案設計,R,向倩儀、周彥君、莊皓鈞,306,3
306016033,資訊系統專案設計,R,李怡慧、簡士鎰,306,3
306016051,資訊系統專案設計,R,洪為璽、陳恭,306,3
306024001,數位商務應用,P,林我聰,306,3
306047001,資訊管理,R,李怡慧,306,3
306049001,程式設計一,R,蕭舜文,306,2
307861001,壽險經營管理實務講座,E,曾毓英,307,3
307865001,證券分析,E,吳啟銘,307,3
307870001,投資組合管理,E,陳鴻毅,307,3
307907001,金控全方位人才實務,E,陳嬿如,307,3
308020001,退休金制度管理與理財規劃,R,王儷玲,308,3
308041001,保險契約法,R,王正偉,308,3
308882001,票據法,E,王正偉,308,2
308951011,微積分實習,R,曾毓英,308,0
300728001,ESG行動設計：洞察、創新、實作,E,李竺姮,000,2
300748001,商用中級口語訓練,E,沈琪,000,3
300748011,商用中級口語訓練,E,沈琪,000,3
300750031,商用寫作與口語訓練（一）,E,鄺慧琪,000,3
300750041,商用寫作與口語訓練（一）,E,楊健威,000,3
300750051,商用寫作與口語訓練（一）,E,鄺慧琪,000,3
300750071,商用寫作與口語訓練（一）,E,鄺慧琪,000,3
300784001,服務學習專業課程－指南服務團－社會服務與學習（二）,E,王正偉,000,1
301035001,國際金融專題,P,郭炳伸,301,3
301044001,國際買賣法,P,薛景文,301,3
301046011,國貿理論與政策,P,徐則謙,301,3
301780001,菁英商務英語: 提案與談判技巧,E,古如君,301,2
301789001,金融時間序列分析,E,林信助,301,3
301813001,投資與資產組合,E,鍾令德,301,3
301840001,固定收益證券：分析與創新,E,傅冶天,301,3
301935001,國際投資,E,傅冶天,301,3
302791001,金融計算程式運用（二）,E,陳正暉,302,2
303022001,審計學（二）,R,俞洪昭,303,3
303022011,審計學（二）,R,廖柏蒼,303,3
303033001,高級會計學（一）,R,詹凌菁,303,3
303043011,電腦審計,R,柯志賢,303,1
303802001,Python與機器學習會計應用,E,周濟群,303,3
303804001,新頒布會計與審計準則之研討,E,戚務君,303,3
303813001,大數據分析於企業營運流程管理與稽核之應用,E,許林舜,303,3
303818001,資料科學核心技術專題,E,温紹羣,303,3
303850001,投資自己成為會計達人：黃金產業面面觀,E,徐聖忠,303,3
303963011,審計學（二）實習,R,俞洪昭,303,0
304021011,抽樣調查方法,P,鄭宇庭,304,3
304833001,債券市場分析,E,扈企平,304,3
304843001,從資料學習,E,張源俊,304,2
304851001,品質管制系統,E,楊素芬,304,3
305051001,策略管理,R,彭朱如,305,3
305665001,文創產業管理個案研討,E,胡昌亞,305,1
305866001,行銷研究,E,張愛華,305,3
306005001,計算機概論,R,簡士鎰,306,2
306007001,企業資料通訊,R,蕭舜文,306,3
306007011,企業資料通訊,R,蕭舜文,306,3
306009001,系統分析與設計,R,杜雨儒,306,3
306013001,資料結構,R,郁方,306,3
306016023,資訊系統專案設計,R,洪智鐸、郁方、蕭舜文,306,3
306016031,資訊系統專案設計,R,李怡慧、簡士鎰,306,3
306016053,資訊系統專案設計,R,洪為璽,306,3
306715001,Agentic AI 在金融領域的應用,E,張家銘、蔡瑞煌,306,3
306717001,軟體分析與測試,E,洪智鐸,306,3
307838001,金融領域—證券市場,E,謝沛霖,307,2
307917001,財務報表分析,E,龔則立,307,3
308002001,微積分,R,曾毓英,308,3
308016001,人壽保險,R,陳彩稚,308,3
308866001,壽險經營管理實務講座,E,曾毓英,308,3
300746011,商用進階口語實務,E,楊健威,000,3
300746031,商用進階口語實務,E,沈琪,000,3
300748021,商用中級口語訓練,E,鄺慧琪,000,3
300748031,商用中級口語訓練,E,鄺慧琪,000,3
300748041,商用中級口語訓練,E,沈琪,000,3
300748051,商用中級口語訓練,E,沈琪,000,3
300750001,商用寫作與口語訓練（一）,E,楊健威,000,3
300750021,商用寫作與口語訓練（一）,E,楊健威,000,3
300750061,商用寫作與口語訓練（一）,E,楊健威,000,3
300807001,迴歸分析（一）,E,陳怡如,000,3
300906011,總體經濟學,E,鄭琬蓉,000,3
300907001,個體經濟學,E,蔡致遠,000,3
300907011,個體經濟學,E,溫偉任,000,3
301033001,國際行銷管理,P,陳建維,301,3
301046001,國貿理論與政策,P,徐則謙,301,3
301818001,國際金融法專題（一）,E,楊光華,301,3
301866001,策略行銷分析,E,蘇威傑,301,3
301867001,菁英商務英語：簡報與演說技巧,E,古如君,301,2
302768001,現代金融實務：資產管理的實戰與挑戰,E,江永裕、林靖庭,302,3
302773001,金融領域—證券市場,E,謝沛霖,302,2
302833011,金融數量,E,江彌修,302,3
303013001,稅務法規,R,張瑞峰,303,3
303013011,稅務法規,R,翁嘉祥,303,3
303033011,高級會計學（一）,R,林宛瑩,303,3
303043021,電腦審計,R,柯志賢,303,1
303801001,ESG策略之形成及執行－企業實作與實習,E,吳安妮、黃政仁,303,3
303830011,商業資料分析基礎：Python （一）,E,俞京和,303,3
303843001,會計實務與法律專題研究（一）,E,朱德芳、馬秀如、詹聰哲,303,2
303847001,策略管理,E,李佳玲,303,3
303890001,政府會計,E,鄭如孜,303,3
304022011,變異數分析與實驗設計,P,鄭宗記,304,3
304910001,可靠度分析,E,董奕賢,304,3
305009001,人力資源管理,R,許育瑋,305,3
305021011,組織行為,R,許書瑋,305,3
305052001,營運與供應鏈管理,R,羅明琇,305,3
305640001,企業併購實例研習（一）,E,方嘉麟、朱德芳、林進富、樓永堅,305,3
305650001,產品與品牌管理,E,白佩玉,305,3
305678001,產業發展與就業規劃,E,彭朱如,305,1
305747001,人力資源管理研討,E,韓志翔,305,3
305928001,管理實務個案研討,E,黃國峯,305,3
306016003,資訊系統專案設計,R,陳恭、蔡瑞煌,306,3
306016011,資訊系統專案設計,R,郁方、蔡瑞煌,306,3
306016013,資訊系統專案設計,R,向倩儀、周彥君、莊皓鈞,306,3
306016021,資訊系統專案設計,R,向倩儀、杜雨儒、周致遠,306,3
306016041,資訊系統專案設計,R,洪智鐸、莊豐源、蕭舜文,306,3
306016043,資訊系統專案設計,R,向倩儀、杜雨儒、周致遠,306,3
306047011,資訊管理,R,李怡慧,306,3
307033001,財務管理個案,R,陳嬿如,307,3
307035001,衍生性金融商品,R,岳夢蘭,307,3
307874001,不動產投資,E,陳明吉,307,3
308003011,民法概要,R,王正偉,308,2
308043001,精算數學,R,張士傑,308,3
308869001,責任保險,E,陳俊元,308,2
300747031,商用中級寫作訓練,E,鄺慧琪,000,3
300747041,商用中級寫作訓練,E,沈琪,000,3
300749031,商用寫作與口語訓練（二）,E,鄺慧琪,000,3
300906021,總體經濟學,E,張興華,000,3
301050001,商業分析,P,何乾瑋,301,3
302043001,貨幣理論與政策,P,趙世偉,302,3
302771001,金融領域—證券市場實務,E,林靖庭,302,2
302774001,投資決策與資產管理,E,李桐豪,302,3
302788001,金融計算程式運用（一）,E,陳正暉,302,2
302900011,固定收益證券,E,金帛春,302,3
303019001,財務報表分析,R,陳宇紳,303,3
303019011,財務報表分析,R,林宛瑩,303,3
303021001,審計學（一）,R,張祐慈,303,3
303021011,審計學（一）,R,張祐慈,303,3
303032011,高級會計學（二）,R,林宛瑩,303,3
303035001,會計資訊系統（二）,R,游柏祥,303,2
303035011,會計資訊系統（二）,R,游柏祥,303,2
303808001,證券交易法,E,郭土木,303,3
303878001,審計實務實習,E,俞洪昭,303,2
303884001,會計審計法規,E,鄭如孜,303,2
304023011,多變量分析,P,鄭宇庭,304,3
304836001,進階數理統計學,E,薛慧敏,304,3
305023001,資訊管理,R,張瑋倫,305,3
305049011,管理科學,R,陳立民,305,3
305689001,產業新趨勢之商業模式開發：生技醫療,E,彭朱如,305,1
306016012,資訊系統專案設計,R,郁方、蔡瑞煌,306,3
306016032,資訊系統專案設計,R,李怡慧、簡士鎰,306,3
306050001,程式設計二,R,蕭舜文,306,2
306714001,學習演算法與量子計算,E,莊豐源、蔡瑞煌,306,3
306721001,資訊系統專案管理,E,杜雨儒,306,3
306723001,資料科學的商業應用,E,向倩儀,306,3
307852001,產險經營管理實務講座,E,林國彬,307,3
307932001,國際財務管理,E,張元晨,307,3
308013001,社會保險,R,劉文彬,308,3
300745021,商用進階英文寫作,E,楊健威,000,3
300747021,商用中級寫作訓練,E,鄺慧琪,000,3
303799001,使用Python於機器學習、深度學習與大型語言模型之會計應用,E,周濟群,303,3
303807001,會計專業之ESG浪潮解析,E,于紀隆、周寶蓮,303,3
303816001,資訊科技風險之因應及實務,E,林彥良,303,3
308010001,財產保險,R,廖士傑,308,3
300724001,人工智慧進化史：科技如何改變我們的工作與生活,E,陳文玲、羅文倩,000,3
300745001,商用進階英文寫作,E,沈琪,000,3
300747011,商用中級寫作訓練,E,沈琪,000,3
300749021,商用寫作與口語訓練（二）,E,楊健威,000,3
300749041,商用寫作與口語訓練（二）,E,楊健威,000,3
300749051,商用寫作與口語訓練（二）,E,鄺慧琪,000,3
300749071,商用寫作與口語訓練（二）,E,鄺慧琪,000,3
300774001,創新創業實作專題,E,張欣綠,000,3
300901001,進階個體經濟學,E,潘振宇,000,3
300922001,風險管理,E,鄭士卿,000,3
300934001,人壽保險,E,陳彩稚,000,3
301030001,貿易與投資專題,P,徐則謙,301,3
301031001,國際經貿法專題,P,施文真,301,3
301049011,國際金融,P,林柏生,301,3
301769001,碳市場與排放權交易之法律分析,E,施文真,301,3
301770001,國際貿易爭端與商業糾紛解決,E,楊培侃,301,3
301771001,國際投資法,E,薛景文,301,3
301808001,經貿數據分析,E,蔡致遠,301,3
301848001,電腦模擬的商業應用,E,傅冶天,301,3
302783001,機器學習與財務計量,E,羅秉政,302,3
302795001,計算機程式設計,E,蔡銘峰,302,3
302809001,投資銀行策略與實務,E,楊曉文,302,3
302901001,金融市場,E,黃台心,302,3
303800001,作業價值管理（AVM）（包含ESG）—企業實作與實習（一）,E,吳安妮,303,3
303891001,會計師業務實戰研討,E,柯志賢,303,3
304008001,迴歸分析（一）,R,陳怡如,304,3
305049001,管理科學,R,陳立民,305,3
305667001,AI協作行銷,E,白佩玉、陳冠儒,305,3
305745001,消費者行為,E,別蓮蒂,305,3
305764001,設計思考與創新,E,韓志翔,305,3
305771001,大數據品牌行銷,E,高端訓,305,1
306008011,資料庫管理,R,周致遠,306,3
306016022,資訊系統專案設計,R,向倩儀、杜雨儒、周致遠,306,3
306016042,資訊系統專案設計,R,洪智鐸、莊豐源、蕭舜文,306,3
306016052,資訊系統專案設計,R,洪為璽、陳恭,306,3
306025001,資訊科技創新,P,莊豐源,306,3
306048001,管理科學,R,周彥君、莊皓鈞,306,3
306720001,作業系統,E,莊豐源,306,3
307034001,進階財務管理,R,湛可南,307,3
307857001,不動產財務,E,陳明吉,307,3
308846001,保險監理與法規,E,陳開元,308,2
300745011,商用進階英文寫作,E,楊健威,000,3
300745031,商用進階英文寫作,E,沈琪,000,3
300747001,商用中級寫作訓練,E,沈琪,000,3
300747051,商用中級寫作訓練,E,沈琪,000,3
300749001,商用寫作與口語訓練（二）,E,楊健威,000,3
300749011,商用寫作與口語訓練（二）,E,鄺慧琪,000,3
300749061,商用寫作與口語訓練（二）,E,楊健威,000,3
300761021,ESG專題研討：永續發展趨勢、機會與挑戰,E,蘇威傑,000,3
300773001,平台創新與我,E,羅文倩,000,1
300798001,人工智慧與商業應用,E,曾毓英,000,3
300803011,國際商業競賽訓練,E,張欣綠,000,2
300804001,SAS/R商業資料分析,E,周珮婷,000,3
300906001,總體經濟學,E,朴民佑,000,3
301030011,貿易與投資專題,P,徐則謙,301,3
301772001,國際企業經營法律風險實務探討,E,楊培侃,301,3
301776001,Python入門與商業分析應用,E,鍾令德,301,3
301807001,策略經濟學,E,潘振宇,301,3
301815001,亞洲經濟問題研究（甲）,E,何乾瑋、潘振宇,301,3
301815011,亞洲經濟問題研究（乙）,E,朴民佑,301,3
301843001,商務英文寫作,E,古如君,301,2
301911001,商情預測,E,林信助,301,3
302926001,計量經濟學,E,金帛春,302,3
303032001,高級會計學（二）,R,詹凌菁,303,3
303809001,審計數據分析應用,E,陳俊光,303,3
303810001,中國稅務與商務,E,徐曉婷,303,3
303840001,公司治理與財務報表,E,傅文芳,303,3
305009011,人力資源管理,R,許書瑋,305,3
305018001,微積分,R,李智明,305,3
305051011,策略管理,R,郭曉玲,305,3
305753001,管理模型分析,E,洪叔民,305,1
305821001,銷售與顧客關係管理,E,巫立宇,305,3
306016002,資訊系統專案設計,R,李曉惠、周彥君、莊皓鈞,306,3
306722001,應用機器學習,E,向倩儀,306,3
306859001,演算法,E,張景堯,306,3
306M02001,金融科技,E,張欣綠,306,0
307835001,全方位理財與規劃,E,周行一、徐苑玲,307,3
307851001,財務金融卓越講座,E,黃嘉威,307,1
307901001,計量經濟學,E,盧敬植,307,3
307912001,不動產管理實務,E,顏世禮,307,3
307939001,不動產產業實務,E,陳明吉,307,3
308002002,微積分,R,曾毓英,308,3
308018001,再保險,R,林建智,308,3
308843001,民法概要（二）,E,王正偉,308,2
308870001,產險經營管理實務講座,E,林國彬,308,3
308945001,海上保險,E,黃正宗,308,3
308951012,微積分實習,R,曾毓英,308,0
400854001,電視新聞實務—連線與播報,E,王孟琦,405,3
400855001,女性影像與新媒體,E,卓庭伍,405,3
400861001,社交媒體數位內容行銷,E,楊孟潔,405,3
400863001,數位顛覆、新聞媒體與公民,E,游絲涵,405,3
400901001,電子遊戲與社會,E,林日璇,405,3
400910001,整合實驗中心實驗Ｂ,E,黃俊銘,405,1
401136001,專業實習—機構實習（A）,P,王淑美,401,1
401140001,新興媒體與新聞,P,游絲涵,401,3
402072001,視覺傳達設計,R,劉俐華,402,3
402080001,公共關係與公眾管理,P,鄭怡卉,402,3
402086001,動態圖文設計,P,鄭霈絨,402,3
402089001,品牌行銷,P,芮家楹,402,3
403052001,媒介生態,P,何國華,403,3
403061001,影視寫作,R,李家驊,403,3
403062011,影像製作,R,侯志欽,403,3
403063001,媒體企劃,R,黃聿清,403,3
403081001,台灣電影研究,P,陳儒修,403,3
405003001,靜態影像設計,R,莊賢智,405,3
405008031,資料分析基礎與策略,R,鄭宇君,405,3
405931001,音樂概論,E,鍾適芳,405,3
405948011,紀實採寫,E,江靜之,405,3
400875001,傳播理論,E,施琮仁,405,3
400909001,整合實驗中心實驗Ａ,E,黃俊銘,405,1
401085001,雜誌編輯,P,吳筱玫,401,3
401137001,新聞理論與實務,P,李怡志,401,3
402058001,消費行為,P,林穎青,402,3
402078001,專業實習,P,林芝璇,402,1
402088001,數位行銷企劃實務,P,張志浩,402,3
403082001,動漫遊戲文創專案開發,P,黃瀛洲,403,3
400862001,台灣媒體中的文化多樣性與多語樣貌,E,葉嘉炘,405,3
401113001,新聞媒體實驗（一）,R,鄭宇君,401,3
401148001,國際新聞報導實務,P,林怡潔,401,3
402092001,創意溝通專題,P,張怡琪,402,2
402102001,跨國行銷實務,P,鄧鈞璟,402,3
403046001,聲音製作,P,許文宜,403,3
403057001,電子媒介行銷,P,張正芬,403,3
403074001,獨立專題（A）,P,鍾適芳,403,3
403104001,影音媒體創新與互動科技,P,林翠絹,403,3
405003021,靜態影像設計,R,余志偉,405,3
405004011,基礎影音製作,R,李家驊,405,3
405008011,資料分析基礎與策略,R,江靜之,405,3
405008021,資料分析基礎與策略,R,許志堅,405,3
405884001,影視科技產業生態,E,張崇仁,405,3
405885001,網路數據分析,E,李怡志,405,3
405888001,服務設計與介面規劃,E,鄭霈絨,405,3
405892001,傳播統計,E,韓義興,405,3
405899001,基礎程式設計,E,張景堯,405,3
405900001,計算機概論,E,許志堅,405,3
405932001,網路與親密關係,E,康庭瑜,405,3
400857001,影視角色創作與表演技術,E,劉主映,405,3
400866001,電腦中介傳播理論與實務,E,施琮仁,405,3
400876001,研究方法,E,蔡葵希,405,3
400889001,數位媒體與娛樂法,E,盧建誌,405,3
400912001,整合實驗中心實驗,E,黃俊銘,405,1
401041011,英文採訪寫作,P,呂志翔,401,3
401074001,大文山地方創生與文化傳播,P,汪文豪,401,2
401116001,傳播學的想像,R,柯裕棻,401,3
401117001,影音新聞深度報導,P,曹琬凌,401,3
401131001,媒介管理與溝通,P,江靜之,401,3
401138001,新聞專業實踐,P,鄭宇君,401,2
401145001,非虛構寫作與當代社會,P,黃奕瀠,401,3
402007001,廣告策略與企劃,R,張郁敏,402,3
402007011,廣告策略與企劃,R,蕭丞傑,402,3
402071001,廣告創意,R,賴治怡,402,3
402091001,行銷公關,P,尤元靖,402,3
402106001,創意行銷與科技魔法,P,陳琦琦,402,3
403062001,影像製作,R,王亞維,403,3
403069001,聲音藝術與錄音工程,P,陳柔錚,403,3
403073001,獨立專題,P,卓庭伍,403,3
403075001,劇場設計,P,謝杰廷,403,3
403077001,專業實習,P,黃俊銘,403,1
403100001,專題－亞洲當代電影研究,P,李政亮,403,3
405003011,靜態影像設計,R,鍾宜杰,405,3
405004001,基礎影音製作,R,王亞維,405,3
405004021,基礎影音製作,R,文楷誠,405,3
405867001,傳播策略中的數據與AI應用,E,李宜庭,405,3
405876001,數位行銷企劃實務,E,張志浩,405,3
405882001,媒體集團跨國比較,E,曾國峰,405,3
405926001,攝影與文化,E,鍾宜杰,405,3
400909002,整合實驗中心實驗Ａ,E,黃俊銘,405,1
400912002,整合實驗中心實驗,E,黃俊銘,405,1
401115001,傳播方法與實踐,R,韓義興,401,3
401143001,資料新聞學,P,鄭宇君,401,3
400870001,政治傳播專題,E,劉義鈞,405,3
400910002,整合實驗中心實驗Ｂ,E,黃俊銘,405,1
401030001,閱聽人分析,P,劉慧雯,401,3
402051011,公關策略與企劃,R,鄭怡卉,402,3
402087001,互動與行銷溝通,P,鄭霈絨,402,3
402097001,從創意概念到執行,P,魯思貞,402,3
402101001,跨界專題－Ｘ計畫,P,陳文玲、羅文倩,402,3
402109001,數位經濟創新與創業,P,李彥樞,402,3
402M03001,藝術表達專題：意象與書寫,P,陳文玲,402,1
403076001,編劇學,P,李家驊,403,3
403090001,影視編導實務,P,沈可尚,403,3
403094001,媒介創新與商業模式,R,曾國峰,403,3
403096001,閱聽媒介與人文科技,P,黃葳威,403,3
403098001,獨立專題（B）,P,鍾適芳,403,3
403103001,動畫基礎與製作,P,謝文明,403,3
405878001,進階資料分析與策略,E,陳百齡,405,3
405883001,廣告原理,E,林穎青,405,3
405903001,媒介心理與閱聽人,E,林淑芳,405,3
405935001,跨媒體識讀,E,黃葳威,405,3
405949001,戲劇概論,E,楊欣芳,405,3
400893001,國際形象與國際溝通,E,康庭瑜,405,3
401114001,新聞媒體實驗（二）,R,李怡志,401,3
401119001,電視新聞製作與播報,P,詹慶齡,401,3
401149001,深度英語新聞報導,P,謝錦芳,401,3
402081001,品牌識別與應用設計,P,劉俐華,402,3
402094001,公共報導與公關寫作,P,吳惠萍,402,3
402096001,品牌策略與實務,P,李宛芸,402,3
402103001,消費者洞察分析,P,彭賢恩,402,3
402107001,國際行銷傳播策略,P,林芝璇,402,3
402M02001,藝術表達專題：意象與繪圖,P,陳文玲,402,1
403053001,影像製作,R,李志文,403,3
403060001,媒體內容企劃,P,焦志方,403,3
403070001,音響學,P,侯志欽,403,3
403088001,影視製片與發行,P,姚經玉、薛聖棻,403,3
403091001,進階電視製作－紀錄,P,曾文珍,403,3
403097001,影視剪接,P,雷震卿,403,3
403106001,進階電視製作—兒少節目,P,林曉蓓,403,3
405891001,傳播敘事,E,謝杰廷,405,3
405898001,資料結構與演算法,E,許志堅,405,3
400858001,流行音樂與大眾文化專題,E,劉主映,405,3
400859001,界限重繪：亞洲電影與媒體文化,E,卓庭伍,405,3
400890001,非主流群體的媒體再現,E,葉嘉炘,405,3
401033011,新聞攝影,P,鍾宜杰,401,3
401126001,飲食，傳播與文化,P,林怡潔,401,3
401127001,傳播政治經濟學,P,馮建三,401,3
401129001,新媒體與運算專題,P,韓義興,401,3
401132001,政治傳播,P,劉嘉薇,401,3
401142001,偵探社會學—推理小說賞析,P,方孝謙,401,3
402051001,公關策略與企劃,R,孫秀蕙,402,3
402105001,數位圖像敘事與創作,P,劉俐華,402,3
402108001,人工智慧進化史：科技如何改變我們的工作與生活,P,陳文玲、羅文倩,402,3
402M01001,數位遊戲與傳播,E,林日璇,402,0
403059001,廣播節目製作,P,楊盈箴,403,3
403073002,獨立專題,P,卓庭伍,403,3
403085001,新媒體與創業,P,盧建誌,403,3
403087001,電影配樂概論,P,林耿農,403,3
403099001,進階攝影專題,P,沈昭良,403,3
403109001,Podcast：議題式報導及創意內容企劃,P,吳怡慈,403,3
405897001,進階程式設計,E,張景堯,405,3
405901001,進階紀實採寫,E,黃庭郁,405,3
405923001,行銷原理,E,林穎青,405,3
405929001,科學與風險傳播,E,施琮仁,405,3
501041141,寫作與閱讀（一）,R,黃怡萍,501,3
501057011,英語口語訓練（一）：口語訓練與聽力,R,鄭傳傑,501,3
501057021,英語口語訓練（一）：口語訓練與聽力,R,許麗媛,501,3
501061021,英語口語訓練（三）：口語訓練與閱讀,R,鄭傳傑,501,3
501069111,寫作與閱讀（三）,R,劉怡君,501,3
501780011,進階寫作：短篇小說與文學論文,P,陳音頤,501,3
501842001,創傷文學,E,蔡佳瑾,501,3
502045001,阿拉伯語（三）,R,鍾念雩,502,2
502101011,阿拉伯語（一）,R,傅怡萱,502,3
502111001,阿拉伯語語法（一）,R,馬穆德,502,2
502114001,應用阿拉伯語（一）,R,馬穆德,502,3
502124001,阿拉伯語（四）,R,蘇怡文,502,2
502125001,媒體阿拉伯語,R,張景安,502,2
502132011,阿拉伯語聽力與口說（二）,R,蘇怡文,502,1
502132021,阿拉伯語聽力與口說（二）,R,蘇怡文,502,1
502857001,吉爾吉斯語（一）,E,艾彌拉,502,3
504021001,初級俄語,R,張瑞承,504,2
504021011,初級俄語,R,柯瓊鎣,504,2
504031001,中級俄語,R,吳佳靜,504,2
504031011,中級俄語,R,張珮琪,504,2
506006001,日語會話演習（一）,R,洪淑娟,506,4
506006011,日語會話演習（一）,R,成田純一,506,4
506009001,日語會話演習（二）,R,林士鈞,506,4
506009011,日語會話演習（二）,R,芝田沙代子,506,4
506010001,日文習作（一）,R,今泉江利子,506,2
506010011,日文習作（一）,R,高啓豪,506,2
506824001,應用日語會話１,E,山藤夏郎,506,2
506831001,日語語法１,E,黑﨑貴史,506,2
506863001,商務日語１,E,喬曉筠,506,2
507046001,韓語口說訓練（一）,R,吳輪貞,507,3
507049011,韓語語法與應用,R,陳冠超,507,3
507914001,韓國地理,E,金泳圭,507,2
508083001,土耳其語視聽與會話（四）,R,艾睿哲,508,2
508085001,土耳其文史專題,R,徐漢陽,508,3
508791001,用諺語與成語認識土耳其文化,E,艾睿哲,508,2
508792001,土耳其的日常生活,E,馬仕強,508,2
508807001,土耳其不思議,E,艾睿哲,508,2
508877001,國際組織與土耳其,E,熊道天,508,3
508M01001,土耳其，怪？不奇怪！,E,熊道天,508,0
509006001,初級西文聽力會話,R,鄭燕玲,509,2
509007001,初級法文語法,R,舒卡夏,509,2
509019001,中級西文語法,R,藍文君,509,2
509021001,中級法文作文,R,樂詩涵,509,2
509022001,中級德文作文,R,許嘉眙,509,2
509041001,德國文學概論,R,蔡莫妮,509,2
509043001,法文翻譯實務,R,李允安,509,2
509044001,德文翻譯實務,R,徐安妮,509,2
509056001,初級法文閱讀,R,李允安,509,2
509060001,初級德文應用,R,許嘉眙,509,2
509062001,中級法文閱讀,R,李允安,509,2
509064001,中級西文閱讀,R,鄭燕玲,509,2
509065001,進階法文寫作,R,薛芬妮,509,2
509066001,進階德文寫作,R,許嘉眙,509,2
509067001,進階西文寫作,R,藍文君,509,2
509936001,德國語言與文化體驗,E,姚紹基,509,1
510001001,初級越語,R,潘氏清、黎氏仁,000,2
510007001,中級越語會話,R,陳氏梅仁,000,2
510016001,高級越語,R,潘氏清,000,2
510019001,越語聽力（二）,R,陳氏梅仁,000,1
510023001,東南亞國際關係,P,拜瓦妮,510,2
510026001,初級越語語法,R,黎氏仁,000,2
510033001,初級印尼語會話,R,古薇拉、吉詩葳,000,2
510046001,越語翻譯,P,陳凰鳳,000,2
510053001,越南文化與社會,R,黎氏仁,000,2
510058001,中級泰語語法與寫作,R,李開發,510,2
510063001,進階泰語：政治經濟,P,李開發,510,2
510070001,初級印尼語語法與寫作,R,吉詩葳,000,2
510072001,高級印尼語,R,吉詩葳,000,2
510074001,高級印尼語語法與寫作,R,古薇拉,000,2
510084001,中級越語語法與寫作,R,潘氏清,000,2
510880001,短期海外實習,E,吉詩葳、李開發、潘氏清、黎氏仁,510,2
510892001,泰文閱讀（二）,E,劉小慧,510,2
510905001,中級越語,E,陳凰鳳,510,3
599773001,選修英文：運動產業英文,E,羅絜心,5T1,3
599776001,選修英文：科技英文,E,余懿珊,5T1,3
599777001,選修英文：傳播英文,E,朱容萱,5T1,3
599793021,選修英文：閱讀與口語訓練,E,陳綉諭,5T1,3
599793031,選修英文：閱讀與口語訓練,E,李寶莉,5T1,3
599795011,選修英文：英文寫作,E,陳彩虹,5T1,3
599869001,大學外文（一）：拉丁文,E,區立遠,5T1,3
599881001,大學外文（一）：古希臘文,E,區立遠,5T1,3
599911001,大學外文（一）：葡萄牙文,E,守般若,5T1,3
599921001,大學外文（一）：藏語,E,黃奕彥,5T1,2
599925001,大學外文（一）：維吾爾語,E,張中復,5T1,2
501041131,寫作與閱讀（一）,R,吳敏華,501,3
501061001,英語口語訓練（三）：口語訓練與閱讀,R,羅狼仁,501,3
501069131,寫作與閱讀（三）,R,張晨恩,501,3
501856011,進階英語口語訓練：新聞,P,吳承翰,501,3
502101001,阿拉伯語（一）,R,傅怡萱,502,3
502108001,阿拉伯語（二）,R,傅怡萱,502,3
502114011,應用阿拉伯語（一）,R,鍾念雩,502,3
502115011,應用阿拉伯語（二）,R,王經仁,502,3
502942001,中東專題研究,E,張景安,502,3
504096011,進階俄語語法,R,柯瓊鎣,504,2
504776001,文學翻譯：理論與實務,E,江杰翰、鄢定嘉,504,3
504779001,解碼俄羅斯：深度解析其文化,E,劉心華,504,2
504788001,俄羅斯媒體翻譯和分析,E,瑪莎,504,2
506009021,日語會話演習（二）,R,城戶秀則,506,4
506011001,日文習作（二）,R,林士鈞,506,2
506011011,日文習作（二）,R,黑﨑貴史,506,2
507026001,初級韓國語,R,陳慶智,507,3
507027001,中級韓國語,R,林侑毅,507,3
507028001,高級韓國語,R,陳冠超,507,3
507046011,韓語口說訓練（一）,R,金泳圭,507,3
507047001,韓語口說訓練（二）,R,金泳圭,507,3
507048001,韓語口說訓練（三）,R,吳輪貞,507,3
507050001,韓文寫作,R,金泳圭,507,3
507050011,韓文寫作,R,慎重珍,507,3
508055001,大二土耳其語,R,曾蘭雅,508,3
508080001,土耳其語視聽與會話（二）,R,紀耀凱、徐漢陽,508,3
508081001,土耳其語視聽與會話（三）,R,馬仕強,508,2
508082001,土耳其語語法與寫作,R,李珮玲,508,2
508793001,來玩吧！土耳其的傳統遊戲,E,馬仕強,508,2
508802001,吉爾吉斯語（一）,E,艾彌拉,508,3
508814001,吉爾吉斯的社會與文化,E,艾彌拉,508,3
509017001,中級法文語法,R,舒卡夏,509,2
509025001,德國文化概論,R,陳致宏,509,2
509026001,西班牙文化概論,R,許玉燕,509,2
509033001,進階西文聽力會話,R,馬德睿,509,2
509040001,法國文學概論,R,舒卡夏,509,2
509048001,專業德文,R,姚紹基,509,2
509049001,專業西文,R,楊瓊瑩,509,2
509057001,初級德文閱讀,R,徐安妮,509,2
509063001,中級德文閱讀,R,徐安妮,509,2
510002001,初級越語會話,R,潘氏清,000,2
510005001,東南亞民族與現況,P,王雅萍,510,3
510032001,初級印尼語,R,吉詩葳,000,2
510043001,中級印尼語會話,R,李平周,000,2
510050001,進階越語：文學,P,陳氏梅仁,000,2
510054001,泰國文化與社會,R,劉小慧,510,2
510055001,初級泰語聽力與會話,R,陳瑞珠、樊夏,510,2
510056001,初級泰語語法與寫作,R,李開發,510,2
510057001,中級泰語聽力與會話,R,李開發,510,2
510059001,高級泰語,R,李開發,510,2
510067001,泰語翻譯,P,劉小慧,510,2
510069001,印尼文化與社會,R,拜瓦妮,000,2
510071001,中級印尼語語法與寫作,R,古薇拉,000,2
510082001,應用泰語,P,李開發,000,3
510083001,應用印尼語,P,林怡嘉,510,3
510874001,新聞印尼語,E,曾秀情,000,2
510883001,清邁歷史文化實地調查,E,樊夏,510,1
510909001,印尼語閱讀（二）,E,李平周,000,2
510929001,新聞越語,E,陳凰鳳,000,2
510932001,越南語言與文化體驗,E,潘氏清,000,1
599772001,選修英文：創意寫作,E,戚大為,5T1,3
599780001,大學外文（一）：息利爾蒙文,E,藍美華,5T1,2
599793001,選修英文：閱讀與口語訓練,E,蘇靖棻,5T1,3
599794011,選修英文：學術聽說訓練,E,黃杏妃,5T1,3
599796011,選修英文：職場溝通,E,金嘉炘,5T1,3
599796021,選修英文：職場溝通,E,毛佩琦,5T1,3
599919001,大學外文（一）：滿語,E,林士鉉,5T1,2
501009011,英語語言學概論,R,賴惠玲,501,3
501041121,寫作與閱讀（一）,R,吳易道,501,3
501069141,寫作與閱讀（三）,R,許麗媛,501,3
509045001,西文翻譯實務,R,古孟玄,509,2
509058001,初級西文閱讀,R,楊瓊瑩,509,2
509061001,初級西文應用,R,藍文君,509,2
506006021,日語會話演習（一）,R,今泉江利子,506,4
506007001,中級日語,R,王淑琴,506,3
506008001,高級日語,R,黑﨑貴史,506,2
506010021,日文習作（一）,R,成田純一,506,2
510038001,中級泰語,R,李開發,510,2
510052001,高級越語會話,R,潘氏清,000,1
510073001,高級印尼語會話,R,古薇拉,000,1
507048011,韓語口說訓練（三）,R,金泳圭,507,3
510081001,應用越語,P,陳凰鳳,510,3
507811001,韓國文化、社會與政治的理解,E,權景祿,507,3
510894001,印尼語言與文化體驗,E,吉詩葳,000,1
510916001,東南亞政教關係,E,葉先秦,510,3
508080011,土耳其語視聽與會話（二）,R,紀耀凱、徐漢陽,508,3
508796001,土耳其美食與飲食習慣,E,馬仕強,508,2
508918001,初級土耳其語,E,馬仕強,508,3
509004001,初級法文聽力會話,R,薛芬妮,509,2
509005001,初級德文聽力會話,R,蔡莫妮,509,2
509008001,初級德文語法,R,姚紹基,509,2
509009001,初級西文語法,R,古孟玄,509,2
509014001,中級法文聽力會話,R,薛芬妮,509,2
509015001,中級德文聽力會話,R,蔡莫妮,509,2
509016001,中級西文聽力會話,R,馬德睿,509,2
509018001,中級德文語法,R,姚紹基,509,2
509023001,中級西文作文,R,馬德睿,509,2
509024001,法國文化概論,R,薛芬妮,509,2
501009001,英語語言學概論,R,徐嘉慧,501,3
501041111,寫作與閱讀（一）,R,林質心,501,3
501041151,寫作與閱讀（一）,R,鄭傳傑,501,3
501057001,英語口語訓練（一）：口語訓練與聽力,R,趙順良,501,3
501061011,英語口語訓練（三）：口語訓練與閱讀,R,姜翠芬,501,3
501069121,寫作與閱讀（三）,R,柯瑞強,501,3
501069151,寫作與閱讀（三）,R,趙順良,501,3
501857011,進階英語口語訓練：商用,P,安東尼,501,3
502115001,應用阿拉伯語（二）,R,王經仁,502,3
502126001,阿拉伯語語法（二）,R,馬穆德,502,2
502132001,阿拉伯語聽力與口說（二）,R,蘇怡文,502,1
502817001,吉爾吉斯的社會與文化,E,艾彌拉,502,3
504064001,進階俄語,R,鄢定嘉,504,2
504064011,進階俄語,R,葉相林,504,2
504096001,進階俄語語法,R,葉相林,504,2
509042001,西班牙文學概論,R,楊瓊瑩,509,2
504804001,進階俄語視聽訓練（一）,E,鄢定嘉,504,2
509047001,專業法文,R,薛芬妮,509,2
509059001,初級法文應用,R,樂詩涵,509,2
510006001,中級越語,R,潘氏清,000,2
510029001,初級泰語,R,樊夏,510,2
506011021,日文習作（二）,R,城戶秀則,506,2
510042001,中級印尼語,R,吉詩葳,000,2
510048001,越語應用文寫作,P,陳氏梅仁,000,2
510061001,高級泰語聽力與會話,R,樊夏,510,2
507047011,韓語口說訓練（二）,R,吳輪貞,507,3
510077001,進階印尼語：政治經濟,P,拜瓦妮,000,2
510078001,進階印尼語：文本選讀,P,古薇拉,000,2
507810001,韓國語言學習及文化體驗,E,林侑毅,507,1
510881001,海外實習,E,李開發,510,3
507813001,韓國媒體、文化與社會,E,林侑毅,507,2
507M03001,首爾現地文化遺跡巡禮,E,林侑毅,507,1
509031001,進階法文聽力會話,R,薛芬妮,509,2
509032001,進階德文聽力會話,R,黃逸龍,509,2
599793011,選修英文：閱讀與口語訓練,E,陳綉諭,5T1,3
599794021,選修英文：學術聽說訓練,E,郭曉蓉,5T1,3
599795001,選修英文：英文寫作,E,黃淑真,5T1,3
599795021,選修英文：英文寫作,E,戚大為,5T1,3
599796001,選修英文：職場溝通,E,賴宇彤,5T1,3
501059011,英語語言發展史,E,鄭傳傑,501,3
501068001,美國文學,P,柯瑞強,501,3
502804001,阿拉伯語聽力與口說（四）,E,艾希里,502,3
504021002,初級俄語,R,張瑞承,504,2
502045002,阿拉伯語（三）,R,鍾念雩,502,2
504065001,俄語寫作,R,薩承科,504,2
502114012,應用阿拉伯語（一）,R,鍾念雩,502,3
502129001,阿拉伯世界概論（一）,R,張景安,502,2
506006022,日語會話演習（一）,R,今泉江利子,506,4
506009012,日語會話演習（二）,R,城戶秀則,506,4
502798001,人工智慧與阿拉伯語翻譯修正,E,鍾念雩,502,2
506010022,日文習作（一）,R,成田純一,506,2
506011022,日文習作（二）,R,林士鈞,506,2
506830001,日語語法２,E,黑﨑貴史,506,2
507027002,中級韓國語,R,林侑毅,507,3
507028002,高級韓國語,R,陳冠超,507,3
507047002,韓語口說訓練（二）,R,金泳圭,507,3
507049012,韓語語法與應用,R,陳冠超,507,3
508055002,大二土耳其語,R,曾蘭雅,508,3
508080012,土耳其語視聽與會話（二）,R,紀耀凱、徐漢陽,508,3
508082002,土耳其語語法與寫作,R,李珮玲,508,2
508083002,土耳其語視聽與會話（四）,R,艾睿哲,508,2
508789001,從社群媒體視角看土耳其局勢,E,馬仕強,508,2
508803001,吉爾吉斯語 ﹙二﹚,E,艾彌拉,508,3
508855001,現代土耳其與歐洲社經關係,E,熊道天,508,3
508918002,初級土耳其語,E,馬仕強,508,3
509014002,中級法文聽力會話,R,薛芬妮,509,2
509015002,中級德文聽力會話,R,蔡莫妮,509,2
509016002,中級西文聽力會話,R,馬德睿,509,2
509018002,中級德文語法,R,姚紹基,509,2
509021002,中級法文作文,R,樂詩涵,509,2
509023002,中級西文作文,R,馬德睿,509,2
509031002,進階法文聽力會話,R,薛芬妮,509,2
509033002,進階西文聽力會話,R,馬德睿,509,2
509056002,初級法文閱讀,R,李允安,509,2
509062002,中級法文閱讀,R,李允安,509,2
509063002,中級德文閱讀,R,徐安妮,509,2
509066002,進階德文寫作,R,閔思齊,509,2
510032002,初級印尼語,R,吉詩葳,000,2
510042002,中級印尼語,R,吉詩葳,000,2
510066001,進階泰語語法與寫作,P,樊夏,510,2
510073002,高級印尼語會話,R,李平周,000,1
510081002,應用越語,P,陳凰鳳,510,3
599774001,選修英文：文創產業英文,E,謝思蕾,5T1,3
599861001,大學外文（二）：拉丁文,E,區立遠,5T1,3
510915001,東南亞表演藝術文化,E,樊夏,510,3
599771011,選修英文：表演藝術產業英文,E,羅絜心,5T1,3
501019121,寫作與閱讀（二）,R,黃怡萍,501,3
501019151,寫作與閱讀（二）,R,鄭傳傑,501,3
501058001,英語口語訓練（二）：口語訓練與閱讀,R,羅狼仁,501,3
502799001,阿拉伯語進階書信寫作,E,艾希里,502,2
502800001,阿拉伯語發音,E,賈赫德,502,1
501070001,語言與社會,P,劉怡君,501,3
501801001,語言測驗與評量,E,鍾曉芳,501,3
501804031,進階英文寫作,P,吳承翰,501,3
501854011,進階英文寫作：創作,P,施堂模,501,3
501858011,進階英語口語訓練：辯論,P,鄭傳傑,501,3
502101012,阿拉伯語（一）,R,傅怡萱,502,3
504096002,進階俄語語法,R,葉相林,504,2
502124002,阿拉伯語（四）,R,蘇怡文,502,2
502130001,阿拉伯語聽力與口說（一）,R,王經仁,502,1
502130011,阿拉伯語聽力與口說（一）,R,王經仁,502,1
506010012,日文習作（一）,R,山藤夏郎,506,2
501019141,寫作與閱讀（二）,R,吳敏華,501,3
501058011,英語口語訓練（二）：口語訓練與閱讀,R,鄭傳傑,501,3
501058021,英語口語訓練（二）：口語訓練與閱讀,R,趙順良,501,3
501066001,英國文學：1600至1800,P,吳易道,501,3
501067001,二十世紀英國文學,P,邱彥彬,501,3
501805001,英語教學理論,E,黃怡萍,501,3
501847001,語言與文化,E,余明忠,501,3
502101002,阿拉伯語（一）,R,傅怡萱,502,3
502108002,阿拉伯語（二）,R,傅怡萱,502,3
502114002,應用阿拉伯語（一）,R,馬穆德,502,3
502115002,應用阿拉伯語（二）,R,蘇怡文,502,3
502115012,應用阿拉伯語（二）,R,蘇怡文,502,3
502119001,阿拉伯語詞法概論,R,傅怡萱,502,2
502130021,阿拉伯語聽力與口說（一）,R,王經仁,502,1
502130031,阿拉伯語聽力與口說（一）,R,王經仁,502,1
502131001,阿拉伯世界概論（二）,R,王經仁,502,2
502133011,阿拉伯語聽力與口說（三）,R,張景安,502,1
502801001,阿拉伯語基礎書寫,E,艾希里,502,2
502803001,生活阿拉伯語（二）,E,賈赫德,502,3
504031002,中級俄語,R,吳佳靜,504,2
504064002,進階俄語,R,鄢定嘉,504,2
504064012,進階俄語,R,葉相林,504,2
504065011,俄語寫作,R,瑪詩可娃,504,2
504096012,進階俄語語法,R,柯瓊鎣,504,2
506008002,高級日語,R,黑﨑貴史,506,2
506010002,日文習作（一）,R,今泉江利子,506,2
506011002,日文習作（二）,R,黑﨑貴史,506,2
506823001,應用日語會話２,E,山藤夏郎,506,2
506861001,商務日語２,E,喬曉筠,506,2
506M01001,日商企業實作與參訪,E,高啓豪,506,2
507026002,初級韓國語,R,陳慶智,507,3
507046002,韓語口說訓練（一）,R,吳輪貞,507,3
507047012,韓語口說訓練（二）,R,吳輪貞,507,3
507048002,韓語口說訓練（三）,R,吳輪貞,507,3
507050012,韓文寫作,R,慎重珍,507,3
507809001,語言學與韓語教育,E,朴炳善,507,3
508080002,土耳其語視聽與會話（二）,R,紀耀凱、徐漢陽,508,3
508081002,土耳其語視聽與會話（三）,R,馬仕強,508,2
508085002,土耳其文史專題,R,徐漢陽,508,3
508788001,用土耳其語介紹台灣文化,E,紀耀凱,508,3
508790001,安納托利亞民俗舞蹈,E,艾睿哲,508,2
508797001,中亞專題研究,E,艾彌拉,508,3
509004002,初級法文聽力會話,R,薛芬妮,509,2
509005002,初級德文聽力會話,R,蔡莫妮,509,2
509006002,初級西文聽力會話,R,鄭燕玲,509,2
509007002,初級法文語法,R,舒卡夏,509,2
509008002,初級德文語法,R,姚紹基,509,2
509009002,初級西文語法,R,古孟玄,509,2
509024002,法國文化概論,R,薛芬妮,509,2
509026002,西班牙文化概論,R,許玉燕,509,2
509032002,進階德文聽力會話,R,黃逸龍,509,2
509040002,法國文學概論,R,舒卡夏,509,2
509041002,德國文學概論,R,蔡莫妮,509,2
509048002,專業德文,R,姚紹基,509,2
509049002,專業西文,R,馬德睿,509,2
509059002,初級法文應用,R,樂詩涵,509,2
509065002,進階法文寫作,R,薛芬妮,509,2
509067002,進階西文寫作,R,藍文君,509,2
510003001,東南亞社會與人文,P,黎氏仁,510,3
510007002,中級越語會話,R,陳氏梅仁,000,2
510033002,初級印尼語會話,R,諾蔚薇,000,2
510043002,中級印尼語會話,R,諾蔚薇,000,2
510052002,高級越語會話,R,陳氏梅仁,000,1
510056002,初級泰語語法與寫作,R,李開發,510,2
510057002,中級泰語聽力與會話,R,李開發,510,2
510061002,高級泰語聽力與會話,R,樊夏,510,2
510068001,泰語口譯,P,劉小慧,510,2
510072002,高級印尼語,R,吉詩葳,000,2
510082002,應用泰語,P,李開發,000,3
599882001,大學外文（二）：古希臘文,E,區立遠,5T1,3
599926001,大學外文（二）：維吾爾語,E,張中復,5T1,2
510910001,東南亞華人文化,E,葉先秦,510,3
599775001,選修英文：會展英文,E,朱容萱,5T1,3
501019111,寫作與閱讀（二）,R,林質心,501,3
501019131,寫作與閱讀（二）,R,吳易道,501,3
501871001,音韻學導論,E,張晨恩,501,3
501893001,英語教學實務專題,E,許麗媛,501,3
502111002,阿拉伯語語法（一）,R,馬穆德,502,2
502133001,阿拉伯語聽力與口說（三）,R,張景安,502,1
502134001,阿拉伯語詞法學：文本閱讀,R,蘇怡文,502,2
502802001,生活阿拉伯語（一）,E,賈赫德,502,3
502806001,海灣方言,E,賈赫德,502,3
504021012,初級俄語,R,柯瓊鎣,504,2
504031012,中級俄語,R,張珮琪,504,2
506006002,日語會話演習（一）,R,洪淑娟,506,4
506006012,日語會話演習（一）,R,成田純一,506,4
506007002,中級日語,R,王淑琴,506,3
506009002,日語會話演習（二）,R,芝田沙代子,506,4
506009022,日語會話演習（二）,R,林士鈞,506,4
506011012,日文習作（二）,R,城戶秀則,506,2
507046012,韓語口說訓練（一）,R,金泳圭,507,3
507048012,韓語口說訓練（三）,R,金泳圭,507,3
507050002,韓文寫作,R,金泳圭,507,3
507867001,韓國經濟成長,E,陳慶智,507,2
507928001,韓國現勢,E,權景祿,507,2
508794001,藝術、科學與政治界的知名人物,E,馬仕強,508,2
508816001,土耳其觀光與文化地理,E,艾睿哲,508,2
508840001,土耳其休閒運動產業之發展,E,熊道天,508,3
509017002,中級法文語法,R,舒卡夏,509,2
509019002,中級西文語法,R,藍文君,509,2
509022002,中級德文作文,R,許嘉眙,509,2
509025002,德國文化概論,R,陳致宏,509,2
509042002,西班牙文學概論,R,許玉燕,509,2
509047002,專業法文,R,薛芬妮,509,2
509057002,初級德文閱讀,R,徐安妮,509,2
509058002,初級西文閱讀,R,馬德睿,509,2
509060002,初級德文應用,R,許嘉眙,509,2
509061002,初級西文應用,R,藍文君,509,2
509064002,中級西文閱讀,R,鄭燕玲,509,2
510001002,初級越語,R,陳氏梅仁,000,2
510002002,初級越語會話,R,潘氏清,000,2
510006002,中級越語,R,潘氏清,000,2
510013001,越語聽力（一）,R,潘氏清,000,1
510016002,高級越語,R,潘氏清,000,2
510024001,東南亞政府與政治,P,孫采薇,510,3
510026002,初級越語語法,R,潘氏清、黎氏仁,000,2
510029002,初級泰語,R,樊夏,510,2
510038002,中級泰語,R,李開發,510,2
510047001,越語口譯,P,陳凰鳳,000,2
510049001,進階越語：經貿,P,潘氏清,000,2
510055002,初級泰語聽力與會話,R,陳瑞珠、樊夏,510,2
510059002,高級泰語,R,李開發,510,2
510070002,初級印尼語語法與寫作,R,吉詩葳,000,2
510071002,中級印尼語語法與寫作,R,吉詩葳,000,2
510079001,印尼語應用文寫作,P,諾蔚薇,000,2
510080001,印尼語翻譯與口譯,P,曾秀情,000,2
510083002,應用印尼語,P,林怡嘉,510,3
510084002,中級越語語法與寫作,R,潘氏清,000,2
510873001,商用泰語,E,李開發,510,2
599781001,大學外文（二）：息利爾蒙文,E,藍美華,5T1,2
599920001,大學外文（二）：滿語,E,林士鉉,5T1,2
510889001,新聞泰語,E,李開發,510,2
510890001,印尼語閱讀（三）,E,李平周,000,2
510891001,泰文閱讀（三）,E,劉小慧,510,2
510893001,泰文閱讀（一）,E,劉小慧,510,2
510905002,中級越語,E,陳凰鳳,510,3
510911001,印尼語閱讀（一）,E,李平周,000,2
599796041,選修英文：職場溝通,E,崔正芳,5T1,3
599922001,大學外文（二）：藏語,E,黃奕彥,5T1,2
601630001,法律服務,E,呂彥彬,601,1
601643001,法學方法論,E,許政賢,601,2
601662001,刑法（三）,E,陳志輝,601,3
601690001,社會保險法,E,張桐銳,601,2
601017001,國際公法,P,陳純一,601,3
601084001,民事法綜合研習,P,呂彥彬,601,2
601144011,刑事訴訟法（一）,P,林麗瑩、楊雲驊,601,3
601312001,人性尊嚴的歷史與法律解釋,E,江玉林,601,3
601369001,法社會學,E,王曉丹,601,3
601388001,全球治理與國際法,E,陳貞如,601,2
601462001,檢察實務研究（一）,E,黃謀信,601,2
601506001,臨終死亡的倫理與法律議題（一）,E,劉宏恩,601,3
601551001,民法中心公益服務實習（一）,E,周伯峰,601,1
601662021,刑法（三）,E,黃士軒,601,3
601709001,個人資料保護法,E,劉定基,601,3
601778001,財產法實例研習,E,張韻琪,601,2
601025021,英美法導論,P,陳龍昇,601,2
601140021,民事訴訟法（一）,P,姜世明,601,3
601337001,智慧財產權法專題研究（一）,E,陳龍昇,601,2
601343001,非訟程序,E,姜世明,601,2
601387001,民事程序法爭議問題,E,范瑞華,601,2
601460001,家事法實例研習,E,戴瑀如,601,2
601533001,公司法案例研習（三）,E,朱德芳,601,1
601086001,公法綜合研習,P,吳秦雯,601,2
601087021,商事法總論與公司法,P,朱德芳,601,3
601137001,法律倫理,P,劉宏恩,601,2
601140011,民事訴訟法（一）,P,姜世明、許政賢,601,3
601143001,財經法綜合研習,P,朱德芳、程春益,601,2
601313001,模擬國際法庭（二）,E,陳純一,601,2
601317001,用台語學法律,E,詹森林,601,1
601344001,國際私法,E,戴瑀如,601,3
601365001,法理學,E,江玉林,601,3
601472001,公務員法,E,張桐銳,601,2
601524001,刑法專題研究（四）,E,李聖傑、洪敏超,601,2
601542001,公司法案例研習（二）,E,周振鋒,601,1
601559001,公司法案例研習（一）,E,陳盈如,601,1
601589001,民事訴訟實務,E,魏大喨,601,2
601616001,家事事件法,E,姜世明,601,2
601666001,國際海洋法,E,陳貞如,601,2
601685001,刑事政策,E,謝如媛,601,3
601871001,勞動法,E,林佳和,601,3
601903001,租稅法,E,盛子龍,601,3
601904001,法文法學名著選讀（三）,E,吳秦雯,601,3
601950001,德文（一）,E,黃程貫,601,3
601087001,商事法總論與公司法,P,陳盈如,601,3
601087011,商事法總論與公司法,P,周振鋒,601,3
601105001,票據法,P,顏玉明,601,2
601105011,票據法,P,陳盈如,601,2
601140001,民事訴訟法（一）,P,許政賢,601,3
601144001,刑事訴訟法（一）,P,王士帆,601,3
601316001,要件事實與民事訴訟,E,邱琦,601,2
601390001,勞動與社會憲法,E,林佳和、張桐銳,601,2
601432001,會計實務與法律專題研究（一）,E,朱德芳、馬秀如、詹聰哲,601,2
601465001,律師實務,E,范瑞華,601,2
601548001,環境法,E,傅玲靜,601,2
601593001,地方自治法,E,詹鎮榮,601,2
601607001,企業併購實例研習（一）,E,方嘉麟、朱德芳、林進富、樓永堅,601,3
601662011,刑法（三）,E,廖宜寧,601,3
601085001,刑事法綜合研習,P,林俊益,601,2
601110011,保險法,P,陳俊元,601,3
601137011,法律倫理,P,姜世明,601,2
601160001,法學的歷史、社會與思想,R,王曉丹,601,3
601303001,少年法專題研究（一）,E,謝如媛,601,3
601308001,財產犯罪實例演習,E,黃士軒,601,2
601311001,德國、英國和美國民法案例研習,E,詹森林,601,1
601330001,行政救濟法,E,蔡進良,601,3
601340001,刑法理論綜合演習,E,廖宜寧,601,3
601357001,海商法,E,張新平,601,2
601357011,海商法,E,沈宗倫,601,2
601359011,民法債編各論,E,張韻琪,601,3
601362001,民事訴訟法（二）,E,姜世明,601,3
601363001,國家組織法,E,劉定基,601,2
601364001,土地、環境與法律,E,李明芝、傅玲靜,601,2
601373001,基本權,E,廖元豪,601,3
601481001,信託法理論與實務,E,方嘉麟、胡玉瑩、馬國柱,601,3
601595001,著作權法,E,沈宗倫,601,2
601600001,物權法實例研習,E,吳瑾瑜,601,3
601755001,企業併購法,E,周振鋒、黃朝琮,601,2
601025001,英美法導論,P,廖元豪,601,2
601048001,證券交易法,P,陳盈如,601,3
601160021,法學的歷史、社會與思想,R,廖宜寧,601,3
601302001,市政運作與地方法制實務研習,E,張桐銳、陳靜慧,601,2
601306001,法律經濟分析（二）,E,簡資修,601,2
601307001,進階德文,E,閔思齊,601,2
601310001,民事裁判與法律思維,E,詹森林,601,2
601325001,公平交易法,E,王立達,601,3
601359001,民法債編各論,E,王千維,601,3
601361001,衝突管理與調解學,E,姜世明,601,2
601370001,公衛政策與法律管制,E,江玉林,601,3
601371001,勞動法與社會法導論,E,林佳和、張桐銳,601,2
601381001,法制史,E,黃琴唐,601,3
601405001,歐洲人權公約與司法實踐,E,王士帆,601,3
601440001,檢察實務研究（二）,E,黃謀信,601,2
601536001,民法中心公益服務實習（二）,E,周伯峰,601,1
601640001,身分法案例實習,E,林秀雄,601,2
601757001,政府採購法,E,顏玉明,601,2
601946001,商標法,E,陳龍昇,601,2
601048011,證券交易法,P,周振鋒,601,3
601110001,保險法,P,葉啓洲,601,3
601160011,法學的歷史、社會與思想,R,黃士軒,601,3
601309001,國際環境法,E,許耀明,601,2
601352001,刑事訴訟法（二）,E,楊雲驊,601,2
601359021,民法債編各論,E,周伯峰,601,3
601362011,民事訴訟法（二）,E,邱琦,601,3
601382001,行政法進階,E,詹鎮榮,601,2
601389001,視覺影像中的法律,E,江玉林,601,3
601418001,國際法實習,E,陳純一,601,2
601521001,國際人道法與難民法,E,蔡沛倫,601,2
601574001,公法中心公益服務實習（一）,E,傅玲靜,601,1
601605001,環境保護法專題研究（一）,E,陳貞如、傅玲靜,601,2
601900001,強制執行法與破產法,E,姜世明,601,2
601944001,德文（二）,E,黃程貫,601,3
701788001,演算法,E,吳怡潔,701,3
701866001,傅立葉分析,E,邱普照,701,3
701872001,數學專業總整（二）,E,曾睿彬,701,3
701886001,基礎數學專題Ｉ,E,班榮超,701,1
701909001,成為Python數據分析達人的第一堂課,E,蔡炎龍,701,1
701912001,向量微積分,E,洪芷漪,701,3
702001001,普通心理學,R,張葶葶、黃啟泰,702,3
702004001,心理實驗法,R,蔡介立,702,2
702011001,人類學習與認知,R,張葶葶,702,3
702872001,實驗室見習,E,顏怡君,702,2
702894001,正向心理學,E,林烘煜,702,3
702928001,心理學專業總整（二）,E,郭建志,702,3
702931001,眼動與認知導論,E,蔡介立,702,3
782036001,工程數學（二）,P,李傳睿,000,3
701781001,拓樸學,E,陳天進,701,3
701868001,矩陣理論（一）,E,郭岳承,701,3
702005001,心理實驗法實驗,R,蔡介立,702,1
702769001,臨床心理學概論,E,吳治勳,702,3
702868001,臨床神經心理學概論,E,楊啟正,702,3
702907001,睡眠異常專題,E,陳玠文、楊建銘,702,3
702914001,變態心理學,E,楊建銘,702,3
782018001,資料結構,P,郭桐惟,000,3
701863001,數據分析在財務上的應用,E,劉宣谷,701,2
701864001,財務工程導論,E,劉明郎,701,3
701869001,組合學導論,E,符麥克,701,3
701890001,密碼學,E,符麥克,701,3
701942001,優化理論,E,陳政輝,701,3
702002001,心理及教育統計學,R,黃柏僩,702,3
702007001,心理測驗,R,游琇婷,702,3
702012001,社會心理學,R,孫蒨如,702,3
702760001,心理學專業的生涯規劃,E,郭建志,702,1
702768001,文化心理學,E,吳庭達,702,3
702817001,人事心理學,E,郭建志,702,3
701858001,分支過程,E,洪芷漪,701,3
701876001,生成式 AI 應用與倫理實務課程,E,陳政輝,701,3
701881001,基礎數學專題ＩＩ,E,班榮超,701,1
701908001,深度學習的原理與實務上的應用,E,蔡炎龍,701,1
702001002,普通心理學,R,孫蒨如、黃啟泰、楊啟正,702,3
702002002,心理及教育統計學,R,黃柏僩,702,3
702013001,知覺心理學,R,顏怡君,702,3
702818001,組織心理學,E,王勝斌,702,3
702912001,功能性磁振造影在認知神經科學上的應用,E,張葶葶,702,3
702927001,心理學專業總整（一）,E,郭建志,702,3
702942001,健康心理學,E,吳治勳,702,3
701844001,等候理論,E,陸行,701,3
701781002,拓樸學,E,陳天進,701,3
701860001,隨機模型運用,E,陸行,701,3
701867001,矩陣理論（二）,E,郭岳承,701,3
701875001,數學專業總整（一）,E,曾睿彬,701,3
701928001,圖論,E,符麥克,701,3
702004002,心理實驗法,R,蔡介立,702,2
702744001,貝氏資料分析,E,楊立行,702,3
702757001,團體動力學,E,吳庭達,702,3
702863001,認知數位遊戲設計,E,張葶葶,702,3
702869001,實驗室見習（二）,E,顏怡君,702,2
702888001,機器學習與其在行為科學之應用,E,黃柏僩,702,3
702892001,心理計量入門,E,游琇婷,702,3
702934001,組織心理學專題,E,林姿葶,702,3
782035001,工程數學（一）,P,李傳睿,000,3
701011001,離散數學,R,張宜武,701,3
701026001,複變函數論,R,符麥克,701,3
702005002,心理實驗法實驗,R,蔡介立,702,1
702009001,性格心理學,R,吳庭達,702,3
782028001,專題研究（一）,P,宋皇志、許琇娟、陸行、彭彥璁、楊志開、蔡尚岳、蕭又新,000,3
203016001,區域研究—東南亞國際關係,P,黃奎博,203,3
203802001,亞洲安全議題,E,吳崇涵,203,3
203896001,永續發展導論,E,楊文琪,203,3
203915001,爭辯中的人類安全：正義、平等、人道與人權,E,王韻,203,3
203922001,國際傳播與國際關係,E,林碧炤,203,2
203074001,區域研究—北美國際關係,P,盧業中,203,3
203902001,發展中國家國際關係,E,柯玉枝,203,2
203926001,比較外交政策,E,劉德海,203,2
203007001,國際公法,R,蔡沛倫,203,2
203064001,比較政府與政治,R,楊雯婷,203,3
203071001,領導與外交決策分析,R,陳秉逵,203,3
203883001,模擬國際法庭（二）,E,陳純一,203,2
203904001,臺灣安全與東亞戰略情勢,E,劉蕭翔,203,2
203916001,戰略與外交,E,連弘宜,203,2
203009001,西洋外交史,R,蘇卓馨,203,3
203017001,區域研究—東北亞國際關係,P,劉德海,203,3
203019001,區域研究—拉丁美洲國際關係,P,馮慕文,203,3
203070001,質性與量化研究方法導論,R,李佳怡,203,3
203077001,國際貿易,P,胡聯國,203,2
203808001,服務學習專業課程－國際事務研習志工服務,E,吳崇涵,203,1
203004001,國際組織,R,馮慕文,203,3
203060011,國際安全,R,崔進揆,203,3
203799001,當代俄中美三國關係,E,連弘宜,203,2
203803001,國際法實習,E,陳純一,203,2
203804001,國際人道法與難民法,E,蔡沛倫,203,2
203826001,衝突管理,E,陳秉逵,203,3
203828001,當代國際關係史,E,郭昕光,203,3
203854001,俄國外交政策,E,連弘宜,203,2
203928001,國際企業與國際關係,E,林碧炤,203,2
203080001,區域研究－澳紐與太平洋島國國際關係,P,楊文琪,203,3
203830001,外交實務,E,黃奎博,203,2
203833001,環境外交,E,李河清,203,3
102012001,教育概論,R,王素芸,102,2
102013001,教育心理學,R,蕭富聰,102,3
102115001,語文領域-英文教材教法,P,張秀帆,102,2
102117001,數學領域教材教法,P,洪煌堯,102,2
102120001,社會領域教學實習,P,楊秀菁,102,2
102121001,綜合活動領域教材教法,P,施淑慎,102,2
102130001,教育行政,R,湯家偉,102,3
102133001,學校輔導工作,P,林進山,102,3
102656001,生涯輔導,E,徐巧玲,102,2
102786001,教育心理學研究,E,邱美秀,102,3
102789001,課程與未來學,E,曾聖翔,102,3
102792001,諮商倫理,E,藍挹丰,102,2
102853001,青少年心理學,E,邱美秀,102,3
109003011,教育心理學,P,施淑慎,000,2
109028001,學習評量,P,葉玉珠,000,2
109034001,數學領域教材教法,R,洪煌堯,000,2
109037001,社會領域教學實習,R,楊秀菁,000,2
109038001,綜合活動領域教材教法,R,施淑慎,000,2
109052001,創造思考與批判思考教學,P,葉玉珠,000,3
102003001,教育統計學,R,余民寧,102,3
102011001,教育哲學,R,陳幼慧,102,3
102131001,學校行政,P,吳政達,102,2
102788001,潛在課程與懸缺課程,E,張盈堃,102,2
102795001,雙語教材教法,E,張秀帆,102,2
102808001,學校諮商實習,E,陳婉真,102,4
102816001,生涯規劃及職業教育與訓練,E,徐巧玲,102,1
102860001,綜合活動學習領域概論,E,王素芸,102,2
102920001,人格心理學,E,胡悅倫,102,3
109002011,教育哲學,P,陳幼慧,000,2
109007001,班級經營,P,黃譯瑩,000,2
109016001,課程發展與設計,P,黃譯瑩,000,3
109030001,語文領域-國文教材教法,R,陳麗明,000,2
109950001,學校行政,E,陳木金,000,2
102103001,中等學校教學實習,R,張奕華,102,2
102109001,班級經營,P,林進山,102,2
102113001,語文領域-國文教材教法,P,陳麗明,102,2
102119001,社會領域教材教法,P,楊秀菁,102,2
102129001,教育議題專題,P,郭昭佑,102,3
102787001,親子關係研究,E,林高賢,102,3
109006011,教學原理,P,黃譯瑩,000,2
109032001,語文領域-英文教材教法,R,張秀帆,000,2
109036001,社會領域教材教法,R,楊秀菁,000,2
109049001,家政群教材教法,R,李昭明,000,2
109050011,生涯規劃及職業教育與訓練,R,許秀美,000,1
109053001,家政群教學實習,R,李昭明,000,2
109863001,適性教學,E,李佩蓉,000,2
109942001,特殊教育導論,E,施淑慎,000,3
102005001,教育研究法,R,洪煌堯,102,3
102099001,教學原理,P,林進山,102,3
102112001,特殊教育導論,P,施淑慎,102,3
102116001,語文領域-英文教學實習,P,張秀帆,102,2
102676001,教育改革,E,陳榮政,102,3
102690001,戶外探索設計與實施,E,林進山,102,2
102784001,自主學習與永續校園,E,詹志禹,102,1
102785001,危機處理,E,藍挹丰,102,2
102790001,資訊融入教與學,E,曾聖翔,102,3
102791001,進階電視製作—兒少節目,E,林曉蓓,102,3
102804001,知識管理系統與技術,E,謝佩璇,102,3
102821001,數位學習,E,曾聖翔,102,3
102837001,行動研究,E,張奕華,102,3
102935001,個案研究,E,陳婉真,102,2
109035001,數學領域教學實習,R,洪煌堯,000,2
102007001,教育社會學,R,張盈堃,102,3
102093001,輔導原理與實務,P,王素芸,102,3
102114001,語文領域-國文教學實習,P,陳麗明,102,2
102132001,心理測驗與評量,R,胡悅倫,102,3
102672001,青少年偏差行為輔導,E,吳珮瑀,102,3
102682001,親職教育,E,林高賢,102,3
102783001,文教機構經營策略管理,E,顏敏仁,102,3
102793001,雙語教學實習,E,張秀帆,102,2
102809001,青少年發展與輔導,E,徐巧玲,102,2
102820001,伴侶與婚姻諮商研究,E,傅如馨,102,3
109004001,教育社會學,P,陳揚學,000,2
109010001,輔導原理與實務,P,陳揚學,000,2
109044011,教育議題專題,P,陳幼慧,000,2
109051001,多元文化教育與實踐,P,陳幼慧,000,2
109857001,教育行政,E,陳木金,000,3
109889001,性別教育,E,李佩蓉,000,2
102023001,學習評量,P,余民寧,102,3
102118001,數學領域教學實習,P,洪煌堯,102,2
102122001,綜合活動領域教學實習,P,施淑慎,102,2
102811001,學習輔導,E,邱美秀,102,3
102911001,諮商理論與技術,E,陳牧凡,102,3
109029001,教學媒體與運用,P,陳揚學,000,2
109031001,語文領域-國文教學實習,R,陳麗明,000,2
109033001,語文領域-英文教學實習,R,張秀帆,000,2
109039001,綜合活動領域教學實習,R,施淑慎,000,2
ZU1007001,人類學,P,歐子綺,ZU1,3
ZU1024001,國際人權法,P,翁燕菁,ZU1,3
ZU1026001,設計思維,P,紀俊麟,ZU1,3
ZU1037001,科技與當代社會,P,楊智元,ZU1,3
ZU1040001,永續發展與都市政治,P,陳虹穎,ZU1,3
ZU1041001,科技社會與文化,P,楊智元,ZU1,3
ZU1857001,兩岸公共政策比較研究,E,王慧敏,ZU1,3
ZU1861001,公共政策分析與倡議,E,蔡咏諭,ZU1,3
ZU1871001,科技地緣政治時代的半導體產業,E,張智程、楊光磊,ZU1,3
ZU1878001,共享經濟專題研究,E,史蘭亭,ZU1,3
ZU1889001,政治學概論,E,梁家瑜,ZU1,3
ZU1895001,永續發展數據分析：理論與應用,E,卞中佩,ZU1,3
ZU1908001,國際組織,E,張佳康,ZU1,3
ZU1921001,跨境數位貿易,E,史蘭亭,ZU1,3
ZU1014001,統計學（一）,R,關秉寅,ZU1,3
ZU1025001,全球公民運動,P,陳虹穎,ZU1,3
ZU1859001,移民工研究實作,E,歐子綺,ZU1,3
ZU1872001,國際關係,E,陳至潔,ZU1,3
ZU1875001,蓋婭政治與戰時生態學,E,彭保羅,ZU1,3
ZU1896001,種族、宗教、民族主義：全球的暴力與歸屬政治,E,DeasyRumondang Prisc,ZU1,3
ZU1912001,混合政體：東南亞的民主挑戰,E,DeasyRumondang Prisc,ZU1,3
ZU1011001,台灣近代史,P,陳柏良,ZU1,3
ZU1856001,創新與領導力：矽谷模式,E,韋積慶,ZU1,1
ZU1858001,數位賦能教育科技管理研究,E,顏敏仁,ZU1,3
ZU1860001,大型跨國調查資料之分析與應用,E,蔡咏諭,ZU1,3
ZU1862001,海洋法－法律框架、國家實踐、及挑戰,E,田力品,ZU1,3
ZU1868001,永續發展商業模式：選擇、實施與最佳案例分析,E,蔡文宜,ZU1,3
ZU1870001,生成式AI及資料科學應用實作,E,卞中佩,ZU1,3
ZU1873001,創新與全球發展,E,江順楠,ZU1,3
ZU1017001,AI導論,P,卞中佩,ZU1,3
ZU1023001,人文地理,P,陳虹穎,ZU1,3
ZU1043001,行政學,P,蔡咏諭,ZU1,3
ZU1044001,科技社會與爭議,P,楊智元,ZU1,3
ZU1855001,開放資料與開放政府,E,蔡咏諭,ZU1,3
ZU1864001,社會理論中的全球環境：經濟、政治與生態,E,江順楠,ZU1,3
ZU1883001,生成式AI實作,E,呂欣澤,ZU1,3
ZU1012001,研究方法,R,江順楠,ZU1,3
ZU1853001,重塑世界的想像：社會變革的政治與藝術,E,郭怡慧,ZU1,3
ZU1854001,國際司法與國際秩序,E,田力品,ZU1,3
ZU1919001,社會創新設計實作,E,陳虹穎,ZU1,3
ZU1946001,比較政府與政治,E,錢宜群,ZU1,3
ZU1005011,國際公法,P,陳玉潔,ZU1,3
ZU1016001,統計學（二）,R,關秉寅,ZU1,3
ZU1028001,國際創新管理,P,韋積慶、黃慧娟,ZU1,3
ZU1045001,全球議題在亞洲,P,歐子綺,ZU1,3
ZU1852001,進階國際法專題研究,E,張佳康,ZU1,3
ZU1863001,國際商務與國家安全的鏈結：出口管制、制裁、外國直接投資與供應鏈,E,金美英,ZU1,3
ZU1867001,資料科學基礎：社會科學的工具箱,E,杜福童,ZU1,3
ZU1884001,美國專利法與實務,E,宋皇志,ZU1,3
ZU1887001,現代世界的宗教與政治,E,DeasyRumondang Prisc,ZU1,3
ZU1902001,東亞政治與經濟發展,E,曾偉峯,ZU1,3
ZU1922001,創新管理與數位轉型,E,史蘭亭,ZU1,3
ZU1925001,東南亞政治: 變革與延拓,E,DeasyRumondang Prisc,ZU1,3
703007001,離散數學,R,曾一凡,703,3
703056001,程式能力檢定,R,郭桐惟,703,0
703820001,計算機概論,E,蔡子傑,703,3
781034001,多媒體網路,P,蔡子傑,000,3
781048001,專案實作Ｃ,R,侯宗佑、蔡欣叡,000,3
781916001,數位內容技術實作,E,蔡欣叡,000,3
781920001,遊戲引擎應用開發,E,周大鈞,000,3
783006001,人工智慧實務專題,R,魏綾音,000,3
703016001,作業系統,R,孫士勝,703,3
703027001,計算機網路,P,張宏慶,703,3
703045001,資訊專題（B）,P,彭彥璁,703,3
703045031,資訊專題（B）,P,張家銘,703,3
703049001,計算機程式設計（一）,R,蔡銘峰,703,3
703055001,人機互動,P,廖文宏,703,3
703060001,資訊安全,P,左瑞麟,703,3
703813001,社群媒體資料分析與實務應用,E,謝佩璇,703,1
703815001,生物資訊概論與實務,E,張家銘,703,3
703842001,資訊視覺化,E,紀明德,703,3
703901001,機器學習概論,E,劉昭麟,703,3
781041001,JavaScript應用程式設計,P,廖峻鋒,000,3
781042001,動態圖像設計,P,樊智銘,000,3
781043001,人機互動設計,P,陳宜秀,000,3
781921001,區塊鏈應用,E,黃新,000,3
783004001,人工智慧程式設計,P,紀俊男,000,3
783010001,社群媒體探勘,P,郭正佩,000,3
703017001,機率論,R,劉昭麟,703,3
703045011,資訊專題（B）,P,郭桐惟,703,3
703045021,資訊專題（B）,P,廖文宏,703,3
703819001,行動通訊網路,E,張宏慶,703,3
703957001,計算機程式設計實習（一）,R,蔡銘峰,703,0
781029001,設計思維,P,宋晧溓,000,3
781032001,文化創意加值,P,陳聖智,000,3
781035001,人機介面,P,古健樺,000,3
781914001,機器人與AI互動專題：理論與研究,E,侯宗佑,000,3
783001001,計算思維與人工智慧應用導論,R,吳致勳,000,3
703002001,線性代數,R,左瑞麟,703,3
703009001,物件導向程式設計,R,紀明德,703,3
703025001,資料庫系統,P,廖峻鋒,703,3
703039001,軟體工程概論,P,盧建成,703,3
703053001,電腦圖學,P,紀明德,703,3
703811001,人工智慧之倫理與安全,E,林志訓,703,3
703812001,資料分析與大型語言模型,E,江玥慧,703,3
703814001,圖形理論及其網路應用,E,郭桐惟,703,3
703817001,智慧運輸系統,E,孫士勝,703,3
703818001,進階行動通訊網路,E,張宏慶,703,3
781001001,數位內容與科技導論,R,江玥慧,000,3
781002001,美學概論,R,陳聖智,000,3
781049001,互動科技研究討論,P,蔡欣叡,000,3
781913001,機器人與AI互動設計,E,侯宗佑,000,3
783007001,自然語言處理,P,紀俊男,000,3
781052001,進階使用者經驗設計,P,陳宜秀,000,3
703015001,數位系統實驗,R,廖文宏,703,0
703044001,資訊專題（A）,P,蔡子傑,703,3
703050001,計算機程式設計（二）,R,蔡銘峰,703,3
703059001,分散式系統,P,廖峻鋒,703,3
703834001,自然語言處理,E,黃瀚萱,703,3
703958001,計算機程式設計實習（二）,R,蔡銘峰,703,0
781007001,Web程式設計,P,古健樺,000,3
781027001,專案實作Ｄ,P,侯宗佑、蔡欣叡,000,3
781033001,互動裝置設計,P,張博智,000,3
781917001,電腦繪圖生成藝術,E,陳昭伶,000,3
703022001,演算法,R,吳炘婷,703,3
703042001,等候理論,P,蔡子傑,703,3
703044011,資訊專題（A）,P,劉吉軒,703,3
703044021,資訊專題（A）,P,鄧雅文,703,3
703044031,資訊專題（A）,P,紀明德,703,3
703061001,人工智慧多媒體訊號處理,P,彭彥璁,703,3
703837001,資料科學,E,張家銘,703,3
703955001,物件導向程式設計實習,R,紀明德,703,0
781013001,基礎動畫設計,P,陳俊良,000,3
781036001,電腦動畫,P,陳俊良,000,3
781051001,進階遊戲引擎應用開發,P,周大鈞,000,3
783005001,機器學習觀念與應用,P,魏綾音,000,3
NU1001001,跨界實驗室,R,陳文玲,000,3
NU1004001,運動經紀實務,P,孫秉宏,000,3
NU1011001,運動產業概論,R,孫秉宏,000,3
ZC0942001,創意與設計,E,陳文玲,000,3
ZC0943001,跨界實驗室,E,陳文玲,000,3
ZC0M02001,藝術表達專題：意象與繪圖,E,陳文玲,000,1
ZC0936001,尋找心中的創業家,E,羅文倩,000,3
ZC0M01001,什麼是設計思考？,E,陳宜秀,000,1
ZC0M03001,藝術表達專題：意象與書寫,E,陳文玲,000,1
ZC0M04001,身心照顧專題：運動與書寫,E,黃健綸,000,1
NU1005001,身體實踐自主學習,R,呂潔如、李維倫,000,3
NU1012001,運動科學理論與應用,P,王思宜、嚴雅婷,000,3
NU1013001,運動書寫,P,呂潔如、黃健綸,000,3
NU1014001,運動賽事轉播與講評,P,戚海倫,000,3
NU1015001,運動產業的數據與經濟分析,P,徐士勛,000,3
ZC0937001,Open NCCU：打造數位校園體驗的實作型產品課,E,陳宜秀,000,3
ZC0938001,跨界專題：藝術永續實踐,E,鄭宇君、羅文倩,000,2
ZC0939001,設計人生，人生設計,E,林承毅,000,3
ZC0940001,大學社會責任PBL課程,E,王信實、陳志輝、蔡培元、蘇昱璇,000,3
NU1006001,SportX活動策劃與執行,R,侯碩、洪鈺釗,000,3
NU1010001,跨界專題－Ｘ計畫,P,陳文玲、羅文倩,000,3
NU1018001,雄鷹專題,P,孫秉宏、黃健綸,000,3
ZC0948001,校園內的有感體驗設計,E,林承毅,000,3
ZC0949001,跨界專題－Ｘ計畫,E,陳文玲、羅文倩,000,3
NU1017001,運動技能學習理論與實務,P,嚴雅婷,000,3
ZC0935001,人工智慧進化史：科技如何改變我們的工作與生活,E,陳文玲、羅文倩,000,3
ZC0M06001,一人公司養成術：創作×商業×工作流,E,宋晧溓,000,1
NU1016001,運動與文化概論,R,呂潔如,000,3
NU1019001,運動場館營運與管理,P,孫秉宏,000,3
ZC0931001,自主學習與永續校園,E,詹志禹,000,1
ZC0932001,社會實踐專題,E,王信實、高雅寧、蘇昱璇,000,3
ZC0934001,藝術、自我探索與文化溯源,E,劉若瑀,000,3
ZC0M05001,藝術表達專題：歐曼讀夢團體與跨媒材創作,E,陳文玲,000,1
